-- Active: 1715255540772@@baza.fmf.uni-lj.si@5432@sem2024_jostp@public
# To so vse tekme v tednih med 12. februarjem in 3. marcem. /Za popravit!
INSERT INTO tekma (id_tekma, domaca_ekipa, gostujoca_ekipa, domaca_ekipa_tocke, gostujoca_ekipa_tocke, datum) VALUES
(1077106, 'MEM', 'BRK', 86, 111, '2024-02-26'),
(1077515, 'DET', 'NYK', 111, 113, '2024-02-26'),
(1077686, 'IND', 'TOR', 122, 130, '2024-02-26'),
(1077866, 'SAC', 'MIA', 110, 121, '2024-02-26'),
(1079152, 'NYK', 'DET', 113, 111, '2024-02-26'),
(1076948, 'ATL', 'UTA', 124, 97, '2024-02-27'),
(1077031, 'BOS', 'PHI', 117, 99, '2024-02-27'),
(1077107, 'ORL', 'BRK', 108, 81, '2024-02-27'),
(1077182, 'MIL', 'CHH', 123, 85, '2024-02-27'),
(1077252, 'CHI', 'DET', 95, 105, '2024-02-27'),
(1077318, 'CLE', 'DAL', 121, 119, '2024-02-27'),
(1077573, 'WAS', 'GSW', 112, 123, '2024-02-27'),
(1077634, 'OKC', 'HOU', 112, 95, '2024-02-27'),
(1077867, 'POR', 'MIA', 96, 106, '2024-02-27'),
(1077940, 'MIN', 'SAS', 114, 105, '2024-02-27'),
(1077970, 'NYK', 'NOP', 92, 115, '2024-02-27'),
(1077253, 'CHI', 'CLE', 132, 123, '2024-02-28'),
(1077388, 'TOR', 'DAL', 125, 136, '2024-02-28'),
(1077453, 'DEN', 'SAC', 117, 96, '2024-02-28'),
(1077687, 'IND', 'NOP', 123, 114, '2024-02-28'),
(1077733, 'LAC', 'LAL', 112, 116, '2024-02-28'),
(1077828, 'MIN', 'MEM', 110, 101, '2024-02-28'),
(1076949, 'BRK', 'ATL', 124, 97, '2024-02-29'),
(1077183, 'CHH', 'MIL', 99, 111, '2024-02-29'),
(1077454, 'DEN', 'MIA', 103, 97, '2024-02-29'),
(1077574, 'NYK', 'GSW', 99, 110, '2024-02-29'),
(1077635, 'PHO', 'HOU', 110, 105, '2024-02-29'),
(1077785, 'LAL', 'WAS', 134, 131, '2024-02-29'),
(1078029, 'SAS', 'OKC', 132, 118, '2024-02-29'),
(1078051, 'ORL', 'UTA', 115, 107, '2024-02-29'),
(1077032, 'BOS', 'DAL', 138, 110, '2024-03-01'),
(1077184, 'PHI', 'CHH', 121, 114, '2024-03-01'),
(1077254, 'CHI', 'MIL', 97, 113, '2024-03-01'),
(1077319, 'DET', 'CLE', 100, 110, '2024-03-01'),
(1077575, 'TOR', 'GSW', 105, 120, '2024-03-01'),
(1077688, 'NOP', 'IND', 129, 102, '2024-03-01'),
(1077734, 'LAC', 'WAS', 140, 115, '2024-03-01'),
(1077829, 'MEM', 'POR', 92, 122, '2024-03-01'),
(1077941, 'MIN', 'SAC', 120, 124, '2024-03-01'),
(1076950, 'BRK', 'ATL', 114, 102, '2024-03-02'),
(1077455, 'LAL', 'DEN', 114, 124, '2024-03-02'),
(1077636, 'PHO', 'HOU', 109, 118, '2024-03-02'),
(1077830, 'MEM', 'POR', 100, 107, '2024-03-02'),
(1077868, 'MIA', 'UTA', 126, 120, '2024-03-02'),
(1077033, 'BOS', 'GSW', 140, 88, '2024-03-03'),
(1077185, 'TOR', 'CHH', 111, 106, '2024-03-03'),
(1077320, 'CLE', 'NYK', 98, 107, '2024-03-03'),
(1077389, 'DAL', 'PHI', 116, 120, '2024-03-03'),
(1077516, 'ORL', 'DET', 113, 91, '2024-03-03'),
(1077689, 'SAS', 'IND', 117, 105, '2024-03-03'),
(1077735, 'MIN', 'LAC', 88, 89, '2024-03-03'),
(1078030, 'PHO', 'OKC', 110, 118, '2024-03-03'),
(1077108, 'BRK', 'MEM', 102, 106, '2024-03-04'),
(1077255, 'SAC', 'CHI', 109, 113, '2024-03-04'),
(1077736, 'MIL', 'LAC', 113, 106, '2024-03-04'),
(1077786, 'LAL', 'OKC', 116, 104, '2024-03-04'),
(1077942, 'MIN', 'POR', 119, 114, '2024-03-04'),
(1078137, 'UTA', 'WAS', 127, 115, '2024-03-04'),
(1076951, 'NYK', 'ATL', 100, 116, '2024-03-05'),
(1077034, 'CLE', 'BOS', 105, 104, '2024-03-05'),
(1077109, 'BRK', 'PHI', 112, 107, '2024-03-05'),
(1077186, 'CHH', 'ORL', 89, 101, '2024-03-05'),
(1077390, 'DAL', 'IND', 120, 137, '2024-03-05'),
(1077456, 'DEN', 'PHO', 107, 117, '2024-03-05'),
(1077517, 'MIA', 'DET', 118, 110, '2024-03-05'),
(1077637, 'HOU', 'SAS', 114, 101, '2024-03-05'),
(1077971, 'TOR', 'NOP', 98, 139, '2024-03-05'),
(1076952, 'ATL', 'CLE', 112, 101, '2024-03-06'),
(1077256, 'UTA', 'CHI', 117, 119, '2024-03-06'),
(1077576, 'GSW', 'MIL', 125, 90, '2024-03-06'),
(1077638, 'HOU', 'LAC', 116, 122, '2024-03-06'),
(1077787, 'LAL', 'SAC', 120, 130, '2024-03-06'),
(1077831, 'PHI', 'MEM', 109, 115, '2024-03-06'),
(1078031, 'POR', 'OKC', 120, 128, '2024-03-06'),
(1078052, 'WAS', 'ORL', 109, 119, '2024-03-06'),
(1077035, 'DEN', 'BOS', 115, 109, '2024-03-07'),
(1077110, 'DET', 'BRK', 118, 112, '2024-03-07'),
(1077257, 'GSW', 'CHI', 122, 125, '2024-03-07'),
(1077391, 'DAL', 'MIA', 114, 108, '2024-03-07'),
(1077690, 'IND', 'MIN', 111, 113, '2024-03-07'),
(1078093, 'PHO', 'TOR', 120, 113, '2024-03-07'),
(1078119, 'SAC', 'SAS', 131, 129, '2024-03-07'),
(1076953, 'MEM', 'ATL', 92, 99, '2024-03-08'),
(1077187, 'WAS', 'CHH', 112, 100, '2024-03-08'),
(1077321, 'CLE', 'MIN', 113, 104, '2024-03-08'),
(1077639, 'POR', 'HOU', 107, 123, '2024-03-08'),
(1077788, 'LAL', 'MIL', 123, 122, '2024-03-08'),
(1077869, 'OKC', 'MIA', 107, 100, '2024-03-08'),
(1077972, 'PHI', 'NOP', 95, 103, '2024-03-08'),
(1078001, 'NYK', 'ORL', 98, 74, '2024-03-08'),
(1077036, 'PHO', 'BOS', 107, 117, '2024-03-09'),
(1077111, 'CHH', 'BRK', 110, 99, '2024-03-09'),
(1077258, 'LAC', 'CHI', 112, 102, '2024-03-09'),
(1077392, 'DET', 'DAL', 124, 142, '2024-03-09'),
(1077457, 'DEN', 'UTA', 142, 121, '2024-03-09'),
(1077577, 'GSW', 'SAS', 113, 126, '2024-03-09'),
(1078108, 'POR', 'TOR', 128, 118, '2024-03-09'),
(1076954, 'ATL', 'NOP', 103, 116, '2024-03-10'),
(1077112, 'CLE', 'BRK', 101, 120, '2024-03-10'),
(1077640, 'SAC', 'HOU', 104, 112, '2024-03-10'),
(1077691, 'ORL', 'IND', 97, 111, '2024-03-10'),
(1077737, 'LAC', 'MIL', 117, 124, '2024-03-10'),
(1077789, 'LAL', 'MIN', 120, 109, '2024-03-10'),
(1077832, 'OKC', 'MEM', 124, 93, '2024-03-10'),
(1077870, 'MIA', 'WAS', 108, 110, '2024-03-10'),
(1078002, 'NYK', 'PHI', 73, 79, '2024-03-10'),
(1077037, 'POR', 'BOS', 99, 121, '2024-03-11'),
(1077188, 'DET', 'CHH', 114, 97, '2024-03-11'),
(1077259, 'CHI', 'DAL', 92, 127, '2024-03-11'),
(1077322, 'CLE', 'PHO', 111, 117, '2024-03-11'),
(1077458, 'DEN', 'TOR', 125, 119, '2024-03-11'),
(1077578, 'SAS', 'GSW', 102, 112, '2024-03-11'),
(1077038, 'UTA', 'BOS', 107, 123, '2024-03-12'),
(1077641, 'SAS', 'HOU', 101, 103, '2024-03-12'),
(1077692, 'OKC', 'IND', 111, 121, '2024-03-12'),
(1077738, 'LAC', 'MIN', 100, 118, '2024-03-12'),
(1077833, 'MEM', 'WAS', 109, 97, '2024-03-12'),
(1077902, 'SAC', 'MIL', 129, 94, '2024-03-12'),
(1078003, 'NYK', 'PHI', 106, 79, '2024-03-12'),
(1076955, 'POR', 'ATL', 106, 102, '2024-03-13'),
(1077113, 'ORL', 'BRK', 114, 106, '2024-03-13'),
(1077189, 'MEM', 'CHH', 98, 110, '2024-03-13'),
(1077260, 'IND', 'CHI', 129, 132, '2024-03-13'),
(1077323, 'NOP', 'CLE', 95, 116, '2024-03-13'),
(1077393, 'DAL', 'GSW', 109, 99, '2024-03-13'),
(1077459, 'MIA', 'DEN', 88, 100, '2024-03-13'),
(1077518, 'DET', 'TOR', 113, 104, '2024-03-13'),
(1077790, 'SAC', 'LAL', 120, 107, '2024-03-13'),
(1077039, 'BOS', 'PHO', 127, 112, '2024-03-14'),
(1077261, 'CHI', 'LAC', 111, 126, '2024-03-14'),
(1077394, 'OKC', 'DAL', 126, 119, '2024-03-14'),
(1077642, 'HOU', 'WAS', 135, 119, '2024-03-14'),
(1077903, 'MIL', 'PHI', 114, 105, '2024-03-14'),
(1078004, 'POR', 'NYK', 93, 105, '2024-03-14'),
(1076956, 'UTA', 'ATL', 124, 122, '2024-03-15'),
(1077190, 'CHH', 'PHO', 96, 107, '2024-03-15'),
(1077460, 'SAS', 'DEN', 106, 117, '2024-03-15'),
(1077519, 'DET', 'MIA', 95, 108, '2024-03-15'),
(1077739, 'NOP', 'LAC', 112, 104, '2024-03-15'),
(1078053, 'TOR', 'ORL', 103, 113, '2024-03-15'),
(1077114, 'IND', 'BRK', 121, 100, '2024-03-16'),
(1077191, 'PHI', 'CHH', 109, 98, '2024-03-16'),
(1077262, 'CHI', 'WAS', 127, 98, '2024-03-16'),
(1077324, 'HOU', 'CLE', 117, 103, '2024-03-16'),
(1077579, 'LAL', 'GSW', 121, 128, '2024-03-16'),
(1077834, 'MEM', 'OKC', 112, 118, '2024-03-16'),
(1077943, 'UTA', 'MIN', 100, 119, '2024-03-16'),
(1077973, 'NOP', 'POR', 126, 107, '2024-03-16'),
(1078005, 'SAC', 'NYK', 91, 98, '2024-03-16'),
(1076957, 'LAC', 'ATL', 93, 110, '2024-03-17'),
(1077040, 'WAS', 'BOS', 104, 130, '2024-03-17'),
(1077115, 'SAS', 'BRK', 122, 115, '2024-03-17'),
(1077395, 'DAL', 'DEN', 107, 105, '2024-03-17'),
(1077520, 'DET', 'MIA', 101, 104, '2024-03-17'),
(1077904, 'MIL', 'PHO', 140, 129, '2024-03-17'),
(1078054, 'ORL', 'TOR', 111, 96, '2024-03-17');

# Vsi ekipe v ligi.
INSERT INTO ekipa (ekipa_id, ekipa_ime) VALUES
('ATL', 'Atlanta Hawks'),
('BOS', 'Boston Celtics'),
('BRK', 'Brooklyn Nets'),
('CHI', 'Chicago Bulls'),
('CHH', 'Charlotte Hornets'),
('CLE', 'Cleveland Cavaliers'),
('DAL', 'Dallas Mavericks'),
('DEN', 'Denver Nuggets'),
('DET', 'Detroit Pistons'),
('GSW', 'Golden State Warriors'),
('HOU', 'Houston Rockets'),
('IND', 'Indiana Pacers'),
('LAC', 'Los Angeles Clippers'),
('LAL', 'Los Angeles Lakers'),
('MEM', 'Memphis Grizzlies'),
('MIA', 'Miami Heat'),
('MIL', 'Milwaukee Bucks'),
('MIN', 'Minnesota Timberwolves'),
('NOP', 'New Orleans Pelicans'),
('NYK', 'New York Knicks'),
('OKC', 'Oklahoma City Thunder'),
('ORL', 'Orlando Magic'),
('PHI', 'Philadelphia 76Ers'),
('PHO', 'Phoenix Suns'),
('POR', 'Portland Trail Blazers'),
('SAC', 'Sacramento Kings'),
('SAS', 'San Antonio Spurs'),
('TOR', 'Toronto Raptors'),
('UTA', 'Utah Jazz'),
('WAS', 'Washington Wizards');

INSERT INTO igralec (igralec_id, ime, pozicija, visina, rojstvo) VALUES
('beysa01', 'Saddiq Bey', 'SF', 201, '1999-04-09'),
('bogdabo01', 'Bogdan Bogdanovic', 'SG', 196, '1992-08-18'),
('bufkiko01', 'Kobe Bufkin', 'SG', 193, '2003-09-21'),
('capelca01', 'Clint Capela', 'C', 208, '1994-05-18'),
('fernabr01', 'Bruno Fernando', 'C', 206, '1998-08-15'),
('forretr01', 'Trent Forrest', 'SG', 193, '1998-06-12'),
('griffaj01', 'AJ Griffin', 'SF', 198, '2003-08-25'),
('gueyemo02', 'Mouhamed Gueye', 'PF', 211, '2002-11-09'),
('huntede01', 'DeAndre Hunter', 'SF', 203, '1997-12-02'),
('johnsja05', 'Jalen Johnson', 'SF', 206, '2001-12-18'),
('krejcvi01', 'Vit Krejci', 'PG', 203, '2000-06-19'),
('lundyse01', 'Seth Lundy', 'SF', 198, '2000-04-02'),
('mathega01', 'Garrison Mathews', 'SG', 196, '1996-10-24'),
('matthwe02', 'Wesley Matthews', 'SG', 196, '1986-10-14'),
('millspa02', 'Patty Mills', 'PG', 188, '1988-08-11'),
('murrade01', 'Dejounte Murray', 'SG', 196, '1996-09-19'),
('okongon01', 'Onyeka Okongwu', 'C', 203, '2000-12-11'),
('windldy01', 'Dylan Windler', 'SF', 198, '1996-09-22'),
('youngtr01', 'Trae Young', 'PG', 185, '1998-09-19'),
('bantoda01', 'Dalano Banton', 'PG', 206, '1999-11-07'),
('brissos01', 'Oshae Brissett', 'SF', 201, '1998-06-20'),
('brownja02', 'Jaylen Brown', 'SF', 198, '1996-10-24'),
('davisjd01', 'JD Davison', 'SG', 185, '2002-10-03'),
('hausesa01', 'Sam Hauser', 'SF', 203, '1997-12-08'),
('holidjr01', 'Jrue Holiday', 'PG', 193, '1990-06-12'),
('horfoal01', 'Al Horford', 'C', 206, '1986-06-03'),
('kornelu01', 'Luke Kornet', 'C', 218, '1995-07-15'),
('mykhasv01', 'Svi Mykhailiuk', 'SF', 201, '1997-06-10'),
('peterdr01', 'Drew Peterson', 'PF', 206, '1999-11-09'),
('porzikr01', 'Kristaps Porzingis', 'C', 218, '1995-08-02'),
('pritcpa01', 'Payton Pritchard', 'PG', 185, '1998-01-28'),
('quetane01', 'Neemias Queta', 'C', 213, '1999-07-13'),
('sprinja01', 'Jaden Springer', 'PG', 193, '2002-09-25'),
('stevela01', 'Lamar Stevens', 'PF', 198, '1997-07-09'),
('tatumja01', 'Jayson Tatum', 'PF', 203, '1998-03-03'),
('tillmxa01', 'Xavier Tillman', 'PF', 203, '1999-01-12'),
('walshjo01', 'Jordan Walsh', 'SF', 201, '2004-03-03'),
('whitede01', 'Derrick White', 'SG', 193, '1994-07-02'),
('bateske01', 'Keita Bates-Diop', 'SF', 203, '1996-01-23'),
('bridgmi01', 'Mikal Bridges', 'SF', 198, '1996-08-30'),
('brookar01', 'Armoni Brooks', 'PG', 190, '1998-06-05'),
('claxtni01', 'Nicolas Claxton', 'C', 211, '1999-04-17'),
('clownno01', 'Noah Clowney', 'PF', 208, '2004-07-14'),
('dinwisp01', 'Spencer Dinwiddie', 'PG', 196, '1993-04-06'),
('finnedo01', 'Dorian Finney-Smith', 'PF', 201, '1993-05-04'),
('gilesha01', 'Harry Giles', 'C', 211, '1998-04-22'),
('gilyaja01', 'Jacob Gilyard', 'PG', 175, '1998-07-14'),
('johnsca02', 'Cameron Johnson', 'PF', 203, '1996-03-03'),
('johnske07', 'Keon Johnson', 'SG', 196, '2002-03-10'),
('whiteda01', 'Dariq Whitehead', 'SF', 201, '2004-08-01'),
('onealro01', 'Royce ONeale', 'SF', 193, '1993-06-05'),
('schrode01', 'Dennis Schroder', 'PG', 185, '1993-09-15'),
('sharpda01', 'DayRon Sharpe', 'C', 211, '2001-11-06'),
('simmobe01', 'Ben Simmons', 'PG', 208, '1996-07-20'),
('smithde03', 'Dennis Smith', 'PG', 188, '1997-11-25'),
('thomaca02', 'Cam Thomas', 'SG', 193, '2001-10-13'),
('walkelo01', 'Lonnie Walker', 'SG', 193, '1998-12-14'),
('watfotr01', 'Trendon Watford', 'PF', 206, '2000-11-09'),
('wilsoja03', 'Jalen Wilson', 'PF', 203, '2000-11-04'),
('bitimon01', 'Onuralp Bitim', 'SG', 198, '1999-03-31'),
('carteje01', 'Jevon Carter', 'PG', 185, '1995-09-14'),
('carusal01', 'Alex Caruso', 'SG', 196, '1994-02-28'),
('craigto01', 'Torrey Craig', 'SF', 201, '1990-12-19'),
('derozde01', 'DeMar DeRozan', 'SF', 198, '1989-08-07'),
('dosunay01', 'Ayo Dosunmu', 'SG', 196, '2000-01-17'),
('drellhe01', 'Henri Drell', 'SF', 206, '2000-04-25'),
('drumman01', 'Andre Drummond', 'C', 211, '1993-08-10'),
('funkan01', 'Andrew Funk', 'SG', 196, '1999-09-21'),
('greenja02', 'Javonte Green', 'SF', 193, '1993-07-23'),
('lavinza01', 'Zach LaVine', 'SG', 196, '1995-03-10'),
('phillju01', 'Julian Phillips', 'SF', 203, '2003-11-05'),
('sanogad01', 'Adama Sanogo', 'PF', 206, '2002-02-12'),
('taylote01', 'Terry Taylor', 'PF', 196, '1999-09-23'),
('terryda01', 'Dalen Terry', 'SG', 201, '2002-07-12'),
('vucevni01', 'Nikola Vucevic', 'C', 208, '1990-10-24'),
('whiteco01', 'Coby White', 'PG', 196, '2000-02-16'),
('willipa01', 'Patrick Williams', 'PF', 201, '2001-08-26'),
('baileam01', 'Amari Bailey', 'PG', 196, '2004-02-17'),
('ballla01', 'LaMelo Ball', 'PG', 201, '2001-08-22'),
('bertada01', 'Davis Bertans', 'PF', 208, '1992-11-12'),
('blackle01', 'Leaky Black', 'SF', 206, '1999-06-14'),
('boldema01', 'Marques Bolden', 'C', 208, '1998-04-17'),
('bouknja01', 'James Bouknight', 'SG', 196, '2000-09-18'),
('bridgmi02', 'Miles Bridges', 'SF', 201, '1998-03-21'),
('curryse01', 'Seth Curry', 'SG', 185, '1990-08-23'),
('haywago01', 'Gordon Hayward', 'SF', 201, '1990-03-23'),
('maledth01', 'Théo Maledon', 'PG', 193, '2001-06-12'),
('manntr01', 'Tre Mann', 'PG', 190, '2001-02-03'),
('martico01', 'Cody Martin', 'SF', 196, '1995-09-28'),
('mcgowbr01', 'Bryce McGowens', 'SG', 201, '2002-11-08'),
('mensana01', 'Nathan Mensah', 'C', 203, '1998-04-09'),
('micicva01', 'Vasilije Micic', 'PG', 196, '1994-01-13'),
('millebr02', 'Brandon Miller', 'SF', 206, '2002-11-22'),
('ntilila01', 'Frank Ntilikina', 'PG', 193, '1998-07-28'),
('pokusal01', 'Aleksej Pokusevski', 'PF', 213, '2001-12-26'),
('richani01', 'Nick Richards', 'C', 213, '1997-11-29'),
('roziete01', 'Terry Rozier', 'SG', 185, '1994-03-17'),
('smithis01', 'Ish Smith', 'PG', 183, '1988-07-05'),
('smithni01', 'Nick Smith', 'SG', 196, '2004-04-18'),
('thorjt01', 'JT Thor', 'PF', 208, '2002-08-26'),
('washipj01', 'PJ Washington', 'PF', 201, '1998-08-23'),
('willigr01', 'Grant Williams', 'PF', 198, '1998-11-30'),
('willima07', 'Mark Williams', 'C', 213, '2001-12-16'),
('allenja01', 'Jarrett Allen', 'C', 211, '1998-04-21'),
('batesem01', 'Emoni Bates', 'SF', 208, '2004-01-28'),
('garlada01', 'Darius Garland', 'PG', 185, '2000-01-26'),
('jeromty01', 'Ty Jerome', 'SG', 196, '1997-07-08'),
('jonesda03', 'Damian Jones', 'C', 211, '1995-06-30'),
('leverca01', 'Caris LeVert', 'SG', 198, '1994-08-25'),
('merrisa01', 'Sam Merrill', 'SG', 193, '1996-05-15'),
('mitchdo01', 'Donovan Mitchell', 'SG', 190, '1996-09-07'),
('mobleev01', 'Evan Mobley', 'PF', 211, '2001-06-18'),
('mobleis01', 'Isaiah Mobley', 'PF', 203, '1999-09-24'),
('morrima03', 'Marcus Morris', 'PF', 203, '1989-09-02'),
('nancepe01', 'Pete Nance', 'PF', 211, '2000-02-19'),
('niangge01', 'Georges Niang', 'PF', 201, '1993-06-17'),
('okorois01', 'Isaac Okoro', 'SF', 196, '2001-01-26'),
('portecr01', 'Craig Porter', 'PG', 188, '2000-02-26'),
('strusma01', 'Max Strus', 'SF', 196, '1996-03-28'),
('thomptr01', 'Tristan Thompson', 'C', 206, '1991-03-13'),
('wadede01', 'Dean Wade', 'PF', 206, '1996-11-20'),
('browngr01', 'Greg Brown III', 'PF', 201, '2001-09-01'),
('dennide01', 'Dexter Dennis', 'SG', 196, '1999-02-09'),
('doncilu01', 'Luka Doncic', 'PG', 201, '1999-02-28'),
('exumda01', 'Dante Exum', 'PG', 196, '1995-07-13'),
('fudgeal01', 'Alex Fudge', 'SF', 203, '2003-05-06'),
('gaffoda01', 'Daniel Gafford', 'PF', 208, '1998-10-01'),
('greenjo02', 'Josh Green', 'SG', 196, '2000-11-16'),
('hardati02', 'Tim Hardaway Jr', 'SF', 196, '1992-03-16'),
('hardyja02', 'Jaden Hardy', 'SG', 193, '2002-07-05'),
('holmeri01', 'Richaun Holmes', 'C', 208, '1993-10-15'),
('irvinky01', 'Kyrie Irving', 'SG', 188, '1992-03-23'),
('jonesde02', 'Derrick Jones', 'SF', 196, '1997-02-15'),
('klebima01', 'Maxi Kleber', 'C', 208, '1992-01-29'),
('lawsoaj01', 'AJ Lawson', 'SG', 198, '2000-07-15'),
('livelde01', 'Dereck Lively', 'C', 216, '2004-02-12'),
('morrima02', 'Markieff Morris', 'PF', 206, '1989-09-02'),
('poweldw01', 'Dwight Powell', 'C', 208, '1991-07-20'),
('prospol01', 'Olivier-Maxence Prosper', 'PF', 203, '2002-07-03'),
('willibr03', 'Brandon Williams', 'PG', 188, '1999-11-22'),
('braunch01', 'Christian Braun', 'SG', 198, '2001-04-17'),
('caldwke01', 'Kentavious Caldwell-Pope', 'SG', 196, '1993-02-18'),
('gilleco01', 'Collin Gillespie', 'PG', 185, '1999-06-25'),
('gordoaa01', 'Aaron Gordon', 'PF', 203, '1995-09-16'),
('holidju01', 'Justin Holiday', 'SG', 198, '1989-04-05'),
('huffja01', 'Jay Huff', 'C', 216, '1998-08-25'),
('jacksre01', 'Reggie Jackson', 'PG', 188, '1990-04-16'),
('jokicni01', 'Nikola Jokic', 'C', 211, '1995-02-19'),
('jordade01', 'DeAndre Jordan', 'C', 211, '1988-07-21'),
('keybr01', 'Braxton Key', 'SF', 203, '1997-02-14'),
('murraja01', 'Jamal Murray', 'PG', 193, '1997-02-23'),
('nnajize01', 'Zeke Nnaji', 'PF', 206, '2001-01-09'),
('pickeja02', 'Jalen Pickett', 'SG', 193, '1999-10-22'),
('portemi01', 'Michael Porter', 'SF', 208, '1998-06-29'),
('strawju01', 'Julian Strawther', 'SF', 201, '2002-04-18'),
('tysonhu01', 'Hunter Tyson', 'PF', 203, '2000-06-13'),
('watsope01', 'Peyton Watson', 'SF', 203, '2002-09-11'),
('baglema01', 'Marvin Bagley III', 'C', 208, '1999-03-14'),
('boehebu01', 'Buddy Boeheim', 'SF', 198, '1999-11-11'),
('browntr01', 'Troy Brown', 'SF', 198, '1999-07-28'),
('burksal01', 'Alec Burks', 'SG', 198, '1991-07-20'),
('cazalma01', 'Malcolm Cazalon', 'SG', 198, '2001-08-27'),
('cunnica01', 'Cade Cunningham', 'PG', 198, '2001-09-25'),
('durenja01', 'Jalen Duren', 'C', 208, '2003-11-18'),
('evbuoto01', 'Tosan Evbuomwan', 'SF', 203, '2001-02-16'),
('flynnma01', 'Malachi Flynn', 'PG', 185, '1998-05-10'),
('fontesi01', 'Simone Fontecchio', 'SF', 203, '1995-12-09'),
('fournev01', 'Evan Fournier', 'SG', 198, '1992-10-29'),
('gallida01', 'Danilo Gallinari', 'SF', 208, '1988-08-08'),
('gibsota01', 'Taj Gibson', 'PF', 206, '1985-06-24'),
('grimequ01', 'Quentin Grimes', 'SG', 196, '2000-05-08'),
('harrijo01', 'Joe Harris', 'SG', 198, '1991-09-06'),
('hayeski01', 'Killian Hayes', 'PG', 196, '2001-07-27'),
('iveyja01', 'Jaden Ivey', 'SG', 193, '2002-02-13'),
('knoxke01', 'Kevin Knox', 'SF', 201, '1999-08-11'),
('liveris01', 'Isaiah Livers', 'PF', 201, '1998-07-28'),
('metuch01', 'Chimezie Metu', 'C', 206, '1997-03-22'),
('miltosh01', 'Shake Milton', 'SG', 196, '1996-09-26'),
('morrimo01', 'Monte Morris', 'PG', 188, '1995-06-27'),
('muscami01', 'Mike Muscala', 'C', 208, '1991-07-01'),
('nowelja01', 'Jaylen Nowell', 'SG', 193, '1999-07-09'),
('rhodeja01', 'Jared Rhoden', 'SG', 198, '1999-08-27'),
('sassema01', 'Marcus Sasser', 'PG', 188, '2000-09-21'),
('stewais01', 'Isaiah Stewart', 'PF', 203, '2001-05-22'),
('thompau01', 'Ausar Thompson', 'SF', 201, '2003-01-30'),
('umudest01', 'Stanley Umude', 'SG', 198, '1999-04-12'),
('wisemja01', 'James Wiseman', 'C', 213, '2001-03-31'),
('curryst01', 'Stephen Curry', 'PG', 188, '1988-03-14'),
('garubus01', 'Usman Garuba', 'PF', 203, '2002-03-09'),
('greendr01', 'Draymond Green', 'PF', 198, '1990-03-04'),
('jackstr02', 'Trayce Jackson-Davis', 'PF', 206, '2000-02-22'),
('josepco01', 'Cory Joseph', 'PG', 188, '1991-08-20'),
('kuminjo01', 'Jonathan Kuminga', 'PF', 203, '2002-10-06'),
('looneke01', 'Kevon Looney', 'C', 206, '1996-02-06'),
('moodymo01', 'Moses Moody', 'SG', 198, '2002-05-31'),
('paulch01', 'Chris Paul', 'PG', 183, '1985-05-06'),
('paytoga02', 'Gary Payton', 'SG', 188, '1992-12-01'),
('podzibr01', 'Brandin Podziemski', 'SG', 196, '2003-02-25'),
('quinole01', 'Lester Quinones', 'SG', 196, '2000-11-16'),
('robinje01', 'Jerome Robinson', 'SG', 193, '1997-02-22'),
('santogu01', 'Gui Santos', 'PF', 203, '2002-06-22'),
('saricda01', 'Dario Saric', 'C', 208, '1994-04-08'),
('spencpa01', 'Pat Spencer', 'PG', 190, '1996-07-04'),
('thompkl01', 'Klay Thompson', 'SF', 198, '1990-02-08'),
('wiggian01', 'Andrew Wiggins', 'SF', 201, '1995-02-23'),
('brookdi01', 'Dillon Brooks', 'SF', 198, '1996-01-22'),
('bullore01', 'Reggie Bullock', 'SF', 198, '1991-03-16'),
('easonta01', 'Tari Eason', 'PF', 203, '2001-05-10'),
('greenja05', 'Jalen Green', 'SG', 193, '2002-02-09'),
('greenje02', 'Jeff Green', 'PF', 203, '1986-08-28'),
('hintona01', 'Nate Hinton', 'SG', 196, '1999-06-08'),
('holidaa01', 'Aaron Holiday', 'PG', 183, '1996-09-30'),
('landajo01', 'Jock Landale', 'C', 211, '1995-10-25'),
('marjabo01', 'Boban Marjanovic', 'C', 224, '1988-08-15'),
('samueje01', 'Jermaine Samuels', 'SF', 201, '1998-11-13'),
('sengual01', 'Alperen Sengun', 'C', 211, '2002-07-25'),
('smithja05', 'Jabari Smith', 'PF', 211, '2003-05-13'),
('tateja01', 'Jaesean Tate', 'SF', 193, '1995-10-28'),
('thompam01', 'Amen Thompson', 'SF', 201, '2003-01-30'),
('vanvlfr01', 'Fred VanVleet', 'PG', 183, '1994-02-25'),
('whitmca01', 'Cam Whitmore', 'SF', 201, '2004-07-08'),
('willije02', 'Nate Williams', 'SG', 196, '1999-02-12'),
('brownbr01', 'Bruce Brown', 'SG', 193, '1996-08-15'),
('brownke03', 'Kendall Brown', 'SG', 203, '2003-05-11'),
('halibty01', 'Tyrese Haliburton', 'PG', 196, '2000-02-29'),
('hieldbu01', 'Buddy Hield', 'SF', 193, '1992-12-17'),
('jacksis01', 'Isaiah Jackson', 'C', 208, '2002-01-10'),
('jacksqu01', 'Quenton Jackson', 'PG', 196, '1998-09-15'),
('johnsja01', 'James Johnson', 'PF', 201, '1987-02-20'),
('mathube01', 'Bennedict Mathurin', 'SF', 198, '2002-06-19'),
('mccontj01', 'T.J. McConnell', 'PG', 185, '1992-03-25'),
('mcderdo01', 'Doug McDermott', 'SF', 198, '1992-01-03'),
('nembhan01', 'Andrew Nembhard', 'PG', 196, '2000-01-16'),
('nesmiaa01', 'Aaron Nesmith', 'SF', 196, '1999-10-16'),
('nworajo01', 'Jordan Nwora', 'SF', 203, '1998-09-09'),
('sheppbe01', 'Ben Sheppard', 'SG', 198, '2001-07-16'),
('siakapa01', 'Pascal Siakam', 'PF', 203, '1994-04-02'),
('smithja04', 'Jalen Smith', 'C', 208, '2000-03-16'),
('theisda01', 'Daniel Theis', 'C', 203, '1992-04-04'),
('toppiob01', 'Obi Toppin', 'PF', 206, '1998-03-04'),
('tshieos01', 'Oscar Tshiebwe', 'PF', 206, '1999-11-27'),
('turnemy01', 'Myles Turner', 'C', 211, '1996-03-24'),
('walkeja02', 'Jarace Walker', 'PF', 203, '2003-09-04'),
('wongis01', 'Isaiah Wong', 'SG', 193, '2001-01-28'),
('batumni01', 'Nicolas Batum', 'PF', 203, '1988-12-14'),
('bostobr01', 'Brandon Boston Jr.', 'SF', 201, '2001-11-28'),
('brownko01', 'Kobe Brown', 'PF', 201, '2000-01-01'),
('coffeam01', 'Amir Coffey', 'SF', 201, '1997-06-17'),
('covinro01', 'Robert Covington', 'PF', 201, '1990-12-14'),
('diabamo01', 'Moussa Diabaté', 'C', 211, '2002-01-21'),
('georgpa01', 'Paul George', 'PF', 203, '1990-05-02'),
('hardeja01', 'James Harden', 'PG', 196, '1989-08-26'),
('hylanbo01', 'Bones Hyland', 'PG', 188, '2000-09-14'),
('leonaka01', 'Kawhi Leonard', 'SF', 201, '1991-06-29'),
('mannte01', 'Terance Mann', 'SG', 196, '1996-10-18'),
('martike04', 'KJ Martin', 'SF', 198, '2001-01-06'),
('millejo02', 'Jordan Miller', 'SF', 201, '2000-01-23'),
('moonxa01', 'Xavier Moon', 'SG', 188, '1995-01-02'),
('plumlma01', 'Mason Plumlee', 'C', 208, '1990-03-05'),
('powelno01', 'Norman Powell', 'SG', 190, '1993-05-25'),
('primojo01', 'Joshua Primo', 'SG', 198, '2002-12-24'),
('tuckepj01', 'P.J. Tucker', 'PF', 196, '1985-05-05'),
('westbru01', 'Russell Westbrook', 'PG', 193, '1988-11-12'),
('zubaciv01', 'Ivica Zubac', 'C', 213, '1997-03-18'),
('castlco01', 'Colin Castleton', 'C', 211, '2000-05-25'),
('chrisma02', 'Max Christie', 'SG', 198, '2003-02-10'),
('davisan02', 'Anthony Davis', 'C', 208, '1993-03-11'),
('hachiru01', 'Rui Hachimura', 'PF', 203, '1998-02-08'),
('hayesja02', 'Jaxson Hayes', 'C', 213, '2000-05-23'),
('hodgedm01', 'DMoi Hodge', 'SG', 193, '1998-12-20'),
('hoodsja01', 'Jalen Hood-Schifino', 'SG', 198, '2003-06-19'),
('jamesle01', 'LeBron James', 'PF', 206, '1984-12-30'),
('lewisma05', 'Maxwell Lewis', 'SF', 201, '2002-07-27'),
('mayssk01', 'Skylar Mays', 'SG', 193, '1997-09-05'),
('princta02', 'Taurean Prince', 'PF', 198, '1994-03-22'),
('reaveau01', 'Austin Reaves', 'SG', 196, '1998-05-29'),
('reddica01', 'Cam Reddish', 'SF', 203, '1999-09-01'),
('russeda01', 'DAngelo Russell', 'PG', 190, '1996-02-23'),
('vandeja01', 'Jarred Vanderbilt', 'PF', 203, '1999-04-03'),
('vincega01', 'Gabe Vincent', 'PG', 190, '1996-06-14'),
('woodch01', 'Christian Wood', 'PF', 203, '1995-09-27'),
('aldamsa01', 'Santi Aldama', 'PF', 211, '2001-01-10'),
('allenti01', 'Timmy Allen', 'SF', 198, '2000-01-09'),
('banede01', 'Desmond Bane', 'SG', 196, '1998-06-25'),
('biyombi01', 'Bismack Biyombo', 'C', 203, '1992-08-28'),
('clarkbr01', 'Brandon Clarke', 'PF', 203, '1996-09-19'),
('gabriwe01', 'Wenyen Gabriel', 'PF', 206, '1997-03-26'),
('goodwjo01', 'Jordan Goodwin', 'PG', 190, '1998-10-23'),
('harrish01', 'Shaquille Harrison', 'SG', 193, '1993-10-06'),
('hurtma01', 'Matthew Hurt', 'PF', 206, '2000-04-20'),
('jacksgg01', 'GG Jackson', 'PF', 206, '2004-12-17'),
('jacksja02', 'Jaren Jackson', 'C', 208, '1999-09-15'),
('jarrede01', 'DeJon Jarreau', 'SG', 196, '1998-01-23'),
('jemistr01', 'Trey Jemison', 'C', 211, '1999-11-28'),
('kennalu01', 'Luke Kennard', 'SG', 196, '1996-06-24'),
('konchjo01', 'John Konchar', 'SF', 196, '1996-03-22'),
('laravja01', 'Jake LaRavia', 'PF', 203, '2001-11-03'),
('loftoke01', 'Kenneth Lofton Jr.', 'PF', 201, '2002-08-14'),
('moranja01', 'Ja Morant', 'PG', 188, '1999-08-10'),
('pereima01', 'Mãozinha Pereira', 'SF', 203, '2000-08-28'),
('pippesc02', 'Scotty Pippen', 'PG', 185, '2000-11-10'),
('roddyda01', 'David Roddy', 'PF', 193, '2001-03-27'),
('rosede01', 'Derrick Rose', 'PG', 190, '1988-10-04'),
('simpsza01', 'Zavier Simpson', 'PG', 183, '1997-02-11'),
('smartma01', 'Marcus Smart', 'PG', 190, '1994-03-06'),
('watanyu01', 'Yuta Watanabe', 'SF', 206, '1994-10-13'),
('whiteja03', 'Jack White', 'SF', 201, '1997-08-05'),
('willivi01', 'Vincent Williams', 'SG', 193, '2000-08-30'),
('willizi02', 'Ziaire Williams', 'SF', 206, '2001-09-12'),
('adebaba01', 'Bam Adebayo', 'C', 206, '1997-07-18'),
('bryanth01', 'Thomas Bryant', 'C', 208, '1997-07-31'),
('butleji01', 'Jimmy Butler', 'PF', 201, '1989-09-14'),
('cainja01', 'Jamal Cain', 'PF', 201, '1999-03-20'),
('hamptrj01', 'R.J. Hampton', 'PG', 193, '2001-02-07'),
('herroty01', 'Tyler Herro', 'SG', 196, '2000-01-20'),
('highsha01', 'Haywood Highsmith', 'PF', 201, '1996-12-09'),
('jaqueja01', 'Jaime Jaquez', 'SF', 198, '2001-02-18'),
('jovicni01', 'Nikola Jovic', 'PF', 208, '2003-06-09'),
('loveke01', 'Kevin Love', 'PF', 203, '1988-09-07'),
('lowryky01', 'Kyle Lowry', 'PG', 183, '1986-03-25'),
('martica02', 'Caleb Martin', 'SF', 196, '1995-09-28'),
('richajo01', 'Josh Richardson', 'SG', 196, '1993-09-15'),
('robindu01', 'Duncan Robinson', 'SF', 201, '1994-04-22'),
('robinor01', 'Orlando Robinson', 'C', 213, '2000-07-10'),
('smithdr01', 'Dru Smith', 'SG', 190, '1997-12-30'),
('swideco01', 'Cole Swider', 'SF', 206, '1999-05-08'),
('willial06', 'Alondes Williams', 'SG', 193, '1999-06-19'),
('wrighde01', 'Delon Wright', 'PG', 196, '1992-04-26'),
('antetgi01', 'Giannis Antetokounmpo', 'PF', 211, '1994-12-06'),
('antetth01', 'Thanasis Antetokounmpo', 'PF', 201, '1992-07-18'),
('beaslma01', 'Malik Beasley', 'SG', 193, '1996-11-26'),
('beaucma01', 'MarJon Beauchamp', 'SF', 198, '2000-10-12'),
('beverpa01', 'Patrick Beverley', 'PG', 188, '1988-07-12'),
('connapa01', 'Pat Connaughton', 'SF', 196, '1993-01-06'),
('crowdja01', 'Jae Crowder', 'PF', 198, '1990-07-06'),
('greenaj01', 'AJ Green', 'SG', 193, '1999-09-27'),
('jacksan01', 'Andre Jackson', 'SG', 198, '2001-11-13'),
('lillada01', 'Damian Lillard', 'PG', 188, '1990-07-15'),
('livinch01', 'Chris Livingston', 'SF', 198, '2003-10-15'),
('lopezbr01', 'Brook Lopez', 'C', 216, '1988-04-01'),
('lopezro01', 'Robin Lopez', 'C', 216, '1988-04-01'),
('middlkh01', 'Khris Middleton', 'SF', 201, '1991-08-12'),
('payneca01', 'Cameron Payne', 'PG', 190, '1994-08-08'),
('portibo01', 'Bobby Portis', 'PF', 208, '1995-02-10'),
('rolliry01', 'Ryan Rollins', 'PG', 193, '2002-07-03'),
('washity02', 'TyTy Washington Jr.', 'PG', 190, '2001-11-15'),
('wiggili01', 'Lindell Wigginton', 'PG', 188, '1998-03-28'),
('alexani01', 'Nickeil Alexander-Walker', 'SG', 196, '1998-09-02'),
('anderky01', 'Kyle Anderson', 'PF', 206, '1993-09-20'),
('conlemi01', 'Mike Conley', 'PG', 183, '1987-10-11'),
('edwaran01', 'Anthony Edwards', 'SG', 193, '2001-08-05'),
('garzalu01', 'Luka Garza', 'C', 208, '1998-12-27'),
('goberru01', 'Rudy Gobert', 'C', 216, '1992-06-26'),
('jacksju01', 'Justin Jackson', 'SF', 203, '1995-03-28'),
('mcdanja02', 'Jaden McDaniels', 'SF', 206, '2000-09-29'),
('mclaujo01', 'Jordan McLaughlin', 'PG', 183, '1996-04-09'),
('millele01', 'Leonard Miller', 'SF', 208, '2003-11-26'),
('minotjo01', 'Josh Minott', 'SF', 203, '2002-11-25'),
('moorewe01', 'Wendell Moore Jr.', 'SG', 196, '2001-09-18'),
('nixda01', 'Daishen Nix', 'PG', 196, '2002-02-13'),
('reidna01', 'Naz Reid', 'C', 206, '1999-08-26'),
('townska01', 'Karl-Anthony Towns', 'PF', 213, '1995-11-15'),
('warretj01', 'T.J. Warren', 'SF', 203, '1993-09-05'),
('alvarjo01', 'Jose Alvarado', 'PG', 183, '1998-04-12'),
('brockiz01', 'Izaiah Brockington', 'PG', 193, '1999-07-12'),
('crutcja01', 'Jalen Crutcher', 'PG', 188, '1999-07-18'),
('daniedy01', 'Dyson Daniels', 'PG', 203, '2003-03-17'),
('gateska01', 'Kaiser Gates', 'SF', 203, '1996-11-08'),
('hawkijo01', 'Jordan Hawkins', 'SG', 196, '2002-04-29'),
('ingrabr01', 'Brandon Ingram', 'SF', 203, '1997-09-02'),
('joneshe01', 'Herb Jones', 'SF', 203, '1998-10-06'),
('lewiski01', 'Kira Lewis Jr.', 'PG', 185, '2001-04-06'),
('liddeej01', 'E.J. Liddell', 'PF', 201, '2000-12-18'),
('marshna01', 'Naji Marshall', 'SF', 201, '1998-01-24'),
('mccolcj01', 'C.J. McCollum', 'PG', 190, '1991-09-19'),
('murphtr02', 'Trey Murphy', 'SF', 203, '2000-06-18'),
('nancela02', 'Larry Nance', 'C', 203, '1993-01-01'),
('robinje02', 'Jeremiah Robinson-Earl', 'PF', 206, '2000-11-03'),
('ryanma01', 'Matt Ryan', 'SF', 198, '1997-04-17'),
('seabrde01', 'Dereon Seabron', 'SG', 201, '2000-05-26'),
('valanjo01', 'Jonas Valanciunas', 'C', 211, '1992-05-06'),
('willizi01', 'Zion Williamson', 'PF', 198, '2000-07-06'),
('zelleco01', 'Cody Zeller', 'C', 211, '1992-10-05'),
('achiupr01', 'Precious Achiuwa', 'PF', 203, '1999-09-19'),
('anunoog01', 'OG Anunoby', 'SF', 201, '1997-07-17'),
('arcidry01', 'Ryan Arcidiacono', 'PG', 190, '1994-03-26'),
('barrerj01', 'RJ Barrett', 'SG', 198, '2000-06-14'),
('bogdabo02', 'Bojan Bogdanovic', 'SF', 201, '1989-04-18'),
('brownch02', 'Charlie Brown Jr.', 'SG', 198, '1997-02-02'),
('brunsja01', 'Jalen Brunson', 'PG', 188, '1996-08-31'),
('diakima01', 'Mamadi Diakite', 'PF', 206, '1997-01-21'),
('divindo01', 'Donte DiVincenzo', 'SG', 193, '1997-01-31'),
('hartjo01', 'Josh Hart', 'SF', 193, '1995-03-06'),
('harteis01', 'Isaiah Hartenstein', 'C', 213, '1998-05-05'),
('jeffrda01', 'DaQuan Jeffries', 'SG', 196, '1997-08-30'),
('mcbrimi01', 'Miles McBride', 'PG', 188, '2000-09-08'),
('quickim01', 'Immanuel Quickley', 'SG', 190, '1999-06-17'),
('randlju01', 'Julius Randle', 'PF', 203, '1994-11-29'),
('robinmi01', 'Mitchell Robinson', 'C', 213, '1998-04-01'),
('simsje01', 'Jericho Sims', 'C', 208, '1998-10-20'),
('skapidm01', 'Dmytro Skapintsev', 'C', 216, '1998-05-12'),
('toppija01', 'Jacob Toppin', 'SF', 206, '2000-05-08'),
('diengou01', 'Ousmane Dieng', 'PF', 208, '2003-05-21'),
('dortlu01', 'Luguentz Dort', 'SF', 190, '1999-04-19'),
('flaglad01', 'Adam Flagler', 'SG', 190, '1999-12-01'),
('giddejo01', 'Josh Giddey', 'SG', 203, '2002-10-10'),
('gilgesh01', 'Shai Gilgeous-Alexander', 'PG', 198, '1998-07-12'),
('holmgch01', 'Chet Holmgren', 'C', 216, '2002-05-01'),
('joeis01', 'Isaiah Joe', 'SG', 193, '1999-07-02'),
('johnske08', 'Keyontae Johnson', 'SF', 196, '2000-05-24'),
('sarrol01', 'Olivier Sarr', 'C', 213, '1999-02-20'),
('wallaca01', 'Cason Wallace', 'SG', 193, '2003-11-07'),
('waterli01', 'Lindy Waters', 'SG', 198, '1997-07-28'),
('wiggiaa01', 'Aaron Wiggins', 'SG', 198, '1999-01-02'),
('willija06', 'Jalen Williams', 'PF', 196, '2001-04-14'),
('willija07', 'Jaylin Williams', 'C', 206, '2002-06-29'),
('willike04', 'Kenrich Williams', 'PF', 198, '1994-12-02'),
('anthoco01', 'Cole Anthony', 'PG', 188, '2000-05-15'),
('banchpa01', 'Paolo Banchero', 'PF', 208, '2002-11-12'),
('bitadgo01', 'Goga Bitadze', 'C', 211, '1999-07-20'),
('blackan01', 'Anthony Black', 'PG', 201, '2004-01-20'),
('cartewe01', 'Wendell Carter', 'C', 208, '1999-04-16'),
('fultzma01', 'Markelle Fultz', 'PG', 193, '1998-05-29'),
('harriga01', 'Gary Harris', 'SG', 193, '1994-09-14'),
('harrike01', 'Kevon Harris', 'SG', 196, '1997-06-24'),
('houstca01', 'Caleb Houstan', 'SF', 203, '2003-01-09'),
('howarje01', 'Jett Howard', 'SF', 203, '2003-09-14'),
('inglejo01', 'Joe Ingles', 'SF', 206, '1987-10-02'),
('isaacjo01', 'Jonathan Isaac', 'PF', 208, '1997-10-03'),
('okekech01', 'Chuma Okeke', 'SF', 198, '1998-08-18'),
('queentr01', 'Trevelin Queen', 'SG', 198, '1997-02-25'),
('schofad01', 'Admiral Schofield', 'PF', 196, '1997-03-30'),
('suggsja01', 'Jalen Suggs', 'SG', 196, '2001-06-03'),
('wagnefr01', 'Franz Wagner', 'SF', 208, '2001-08-27'),
('wagnemo01', 'Moe Wagner', 'C', 211, '1997-04-26'),
('bambamo01', 'Mo Bamba', 'C', 213, '1998-05-12'),
('bazleda01', 'Darius Bazley', 'PF', 203, '2000-06-12'),
('councri01', 'Ricky Council', 'SG', 198, '2001-08-03'),
('dowtije01', 'Jeff Dowtin', 'PG', 190, '1997-05-10'),
('embiijo01', 'Joel Embiid', 'C', 213, '1994-03-16'),
('greenda02', 'Danny Green', 'SG', 198, '1987-06-22'),
('harrito02', 'Tobias Harris', 'PF', 203, '1992-07-15'),
('houseda01', 'Danuel House Jr.', 'SF', 198, '1993-06-07'),
('korkmfu01', 'Furkan Korkmaz', 'SG', 201, '1997-07-24'),
('maxeyty01', 'Tyrese Maxey', 'PG', 188, '2000-11-04'),
('meltode01', 'DeAnthony Melton', 'SG', 188, '1998-05-28'),
('oubreke01', 'Kelly Oubre', 'SF', 201, '1995-12-09'),
('petrufi01', 'Filip Petrušev', 'C', 211, '2000-04-15'),
('reedpa01', 'Paul Reed', 'C', 206, '1999-06-14'),
('smartja01', 'Javonte Smart', 'PG', 193, '1999-06-03'),
('smithte01', 'Terquavion Smith', 'PG', 193, '2002-12-31'),
('wilsodj01', 'D.J. Wilson', 'PF', 208, '1996-02-19'),
('allengr01', 'Grayson Allen', 'SG', 193, '1995-10-08'),
('azubuud01', 'Udoka Azubuike', 'C', 208, '1999-09-17'),
('bealbr01', 'Bradley Beal', 'SG', 193, '1993-06-28'),
('bolbo01', 'Bol Bol', 'PF', 221, '1999-11-16'),
('bookede01', 'Devin Booker', 'PG', 198, '1996-10-30'),
('duranke01', 'Kevin Durant', 'PF', 211, '1988-09-29'),
('eubandr01', 'Drew Eubanks', 'C', 206, '1997-02-01'),
('gordoer01', 'Eric Gordon', 'SG', 190, '1988-12-25'),
('leesa01', 'Saben Lee', 'PG', 188, '1999-06-23'),
('littlna01', 'Nassir Little', 'SF', 196, '2000-02-11'),
('nurkiju01', 'Jusuf Nurkic', 'C', 213, '1994-08-23'),
('okogijo01', 'Josh Okogie', 'SG', 193, '1998-09-01'),
('thomais02', 'Isaiah Thomas', 'PG', 175, '1989-02-07'),
('wainris01', 'Ish Wainright', 'SF', 198, '1994-09-12'),
('youngth01', 'Thaddeus Young', 'PF', 203, '1988-06-21'),
('aytonde01', 'Deandre Ayton', 'C', 213, '1998-07-23'),
('badjiib01', 'Ibou Badji', 'C', 216, '2002-10-13'),
('bouyeja01', 'Jamaree Bouyea', 'PG', 188, '1999-06-27'),
('brogdma01', 'Malcolm Brogdon', 'PG', 193, '1992-12-11'),
('brownmo01', 'Moses Brown', 'C', 218, '1999-10-13'),
('camarto01', 'Toumani Camara', 'PF', 203, '2000-05-08'),
('grantje01', 'Jerami Grant', 'PF', 201, '1994-03-12'),
('haganas01', 'Ashton Hagans', 'PG', 190, '1999-07-08'),
('hendesc01', 'Scoot Henderson', 'PG', 190, '2004-02-03'),
('minayju01', 'Justin Minaya', 'SF', 196, '1999-03-26'),
('mooreta02', 'Taze Moore', 'SG', 196, '1998-06-29'),
('murrakr01', 'Kris Murray', 'SF', 203, '2000-08-19'),
('reathdu01', 'Duop Reath', 'C', 211, '1996-06-26'),
('ruperra01', 'Rayan Rupert', 'SG', 198, '2004-05-31'),
('sharpsh01', 'Shaedon Sharpe', 'SG', 198, '2003-05-30'),
('simonan01', 'Anfernee Simons', 'SG', 190, '1999-06-08'),
('thybuma01', 'Matisse Thybulle', 'SF', 196, '1997-03-04'),
('walkeja01', 'Jabari Walker', 'SF', 206, '2002-07-30'),
('williro04', 'Robert Williams', 'C', 206, '1997-10-17'),
('barneha02', 'Harrison Barnes', 'PF', 203, '1992-05-30'),
('duartch01', 'Chris Duarte', 'SF', 198, '1997-06-13'),
('edwarke02', 'Kessler Edwards', 'SF', 203, '2000-08-09'),
('elliske01', 'Keon Ellis', 'SG', 198, '2000-01-08'),
('fordjo01', 'Jordan Ford', 'PG', 185, '1998-05-26'),
('foxde01', 'DeAaron Fox', 'PG', 190, '1997-12-20'),
('huertke01', 'Kevin Huerter', 'SG', 201, '1998-08-27'),
('jonesco02', 'Colby Jones', 'SG', 198, '2002-05-28'),
('jonesma05', 'Mason Jones', 'SG', 193, '1998-07-21'),
('lenal01', 'Alex Len', 'C', 213, '1993-06-16'),
('lylestr01', 'Trey Lyles', 'PF', 206, '1995-11-05'),
('mcgeeja01', 'JaVale McGee', 'C', 213, '1988-01-19'),
('mitchda01', 'Davion Mitchell', 'PG', 188, '1998-09-05'),
('monkma01', 'Malik Monk', 'SG', 190, '1998-02-04'),
('murrake02', 'Keegan Murray', 'SF', 203, '2000-08-19'),
('sabondo01', 'Domantas Sabonis', 'C', 208, '1996-05-03'),
('slawsja01', 'Jalen Slawson', 'SF', 201, '1999-10-22'),
('toscaju01', 'Juan Toscano-Anderson', 'SF', 198, '1993-04-10'),
('vezenal01', 'Sasha Vezenkov', 'PF', 206, '1995-08-06'),
('barlodo01', 'Dominick Barlow', 'PF', 206, '2003-05-26'),
('bassech01', 'Charles Bassey', 'C', 208, '2000-10-28'),
('branhma01', 'Malaki Branham', 'PG', 193, '2003-05-12'),
('champju02', 'Julian Champagnie', 'SF', 203, '2001-06-29'),
('cissosi01', 'Sidy Cissoko', 'SF', 203, '2004-04-02'),
('colliza01', 'Zach Collins', 'C', 211, '1997-11-19'),
('dukeda01', 'David Duke Jr.', 'SG', 196, '1999-10-13'),
('grahade01', 'Devonte Graham', 'PG', 185, '1995-02-22'),
('grayra01', 'RaiQuan Gray', 'PF', 203, '1999-07-07'),
('johnske04', 'Keldon Johnson', 'SF', 196, '1999-10-11'),
('jonestr01', 'Tre Jones', 'PG', 185, '2000-01-08'),
('mamuksa01', 'Sandro Mamukelashvili', 'C', 211, '1999-05-23'),
('osmande01', 'Cedi Osman', 'SF', 201, '1995-04-08'),
('sochaje01', 'Jeremy Sochan', 'PF', 203, '2003-05-20'),
('vassede01', 'Devin Vassell', 'SG', 196, '2000-08-23'),
('wembavi01', 'Victor Wembanyama', 'C', 224, '2004-01-04'),
('weslebl01', 'Blake Wesley', 'SG', 196, '2003-03-16'),
('agbajoc01', 'Ochai Agbaji', 'SG', 196, '2000-04-20'),
('barnesc01', 'Scottie Barnes', 'SG', 201, '2001-08-01'),
('bouchch01', 'Chris Boucher', 'PF', 206, '1993-01-11'),
('cartodj01', 'D.J. Carton', 'SG', 188, '2000-08-05'),
('dickgr01', 'Gradey Dick', 'SG', 198, '2003-11-20'),
('freemja01', 'Javon Freeman-Liberty', 'PG', 193, '1999-10-20'),
('gueyemo01', 'Mouhamadou Gueye', 'PF', 206, '1998-07-06'),
('harpero02', 'Ron Harper Jr.', 'PF', 198, '2000-04-12'),
('mcdanja01', 'Jalen McDaniels', 'SF', 206, '1998-01-31'),
('nowelma01', 'Markquis Nowell', 'SG', 173, '1999-12-25'),
('olynyke01', 'Kelly Olynyk', 'C', 211, '1991-04-19'),
('poeltja01', 'Jakob Poeltl', 'C', 213, '1995-10-15'),
('portejo01', 'Jontay Porter', 'PF', 211, '1999-11-15'),
('porteot01', 'Otto Porter Jr.', 'SF', 203, '1993-06-03'),
('ramseja01', 'Jahmius Ramsey', 'SG', 190, '2001-06-09'),
('simmoko01', 'Kobi Simmons', 'PG', 196, '1997-07-04'),
('templga01', 'Garrett Temple', 'SG', 196, '1986-05-08'),
('trentga02', 'Gary Trent Jr.', 'SG', 196, '1999-01-18'),
('willima11', 'Malik Williams', 'C', 211, '1998-08-26'),
('clarkjo01', 'Jordan Clarkson', 'SG', 190, '1992-06-07'),
('collijo01', 'John Collins', 'PF', 206, '1997-09-23'),
('dunnkr01', 'Kris Dunn', 'PG', 190, '1994-03-18'),
('georgke01', 'Keyonte George', 'PG', 193, '2003-11-08'),
('hendrita01', 'Taylor Hendricks', 'PF', 206, '2003-11-22'),
('hortota01', 'Talen Horton-Tucker', 'PG', 193, '2000-11-25'),
('juzanjo01', 'Johnny Juzang', 'SG', 201, '2001-03-17'),
('kesslwa01', 'Walker Kessler', 'C', 213, '2001-07-26'),
('markkla01', 'Lauri Markkanen', 'PF', 213, '1997-05-22'),
('pottemi01', 'Micah Potter', 'PF', 208, '1998-04-06'),
('prestja01', 'Jason Preston', 'PG', 193, '1999-08-10'),
('samanlu01', 'Luka Samanic', 'PF', 208, '2000-01-09'),
('sensabr01', 'Brice Sensabaugh', 'SF', 198, '2003-10-30'),
('sextoco01', 'Collin Sexton', 'SG', 190, '1999-01-04'),
('yurtsom01', 'Omer Yurtseven', 'C', 213, '1998-06-19'),
('avdijde01', 'Deni Avdija', 'SF', 206, '2001-01-03'),
('baldwpa01', 'Patrick Baldwin', 'SF', 206, '2002-11-18'),
('bernaju01', 'Jules Bernard', 'SG', 201, '2000-01-21'),
('butleja02', 'Jared Butler', 'SG', 190, '2000-08-25'),
('champju01', 'Justin Champagnie', 'SF', 198, '2001-06-29'),
('coulibi01', 'Bilal Coulibaly', 'SF', 198, '2004-07-26'),
('davisjo06', 'Johnny Davis', 'SG', 196, '2002-02-27'),
('diallha01', 'Hamidou Diallo', 'SG', 196, '1998-07-31'),
('gillan01', 'Anthony Gill', 'PF', 201, '1992-10-17'),
('jonesty01', 'Tyus Jones', 'PG', 185, '1996-05-10'),
('kispeco01', 'Corey Kispert', 'SF', 201, '1999-03-03'),
('kuzmaky01', 'Kyle Kuzma', 'PF', 206, '1995-07-24'),
('omorueu01', 'Eugene Omoruyi', 'SF', 201, '1997-02-14'),
('poolejo01', 'Jordan Poole', 'SG', 193, '1999-06-19'),
('shamela01', 'Landry Shamet', 'SG', 193, '1997-03-13'),
('vukcetr01', 'Tristan Vukcevic', 'C', 213, '2003-03-11');

########## Podatki o tekmah: (26. februar do 17. marec, torej trije tedni)
INSERT INTO podatki_o_tekmi (id_igralca, id_tekme, odstotek_meta, ukradene, bloki, izgubljene, skoki, podaje, odigrane_minute, tocke, izid) VALUES
('huertke01', 1077866, 0.3333333333333333, 0, 1, 0, 5, 2, 37, 14, 0),
('hartjo01', 1079152, 0.47058823529411764, 2, 1, 1, 8, 6, 41, 23, 1),
('brunsja01', 1079152, 0.4230769230769231, 2, 4, 0, 1, 12, 39, 35, 1),
('harteis01', 1079152, 0.4, 0, 1, 1, 8, 4, 26, 6, 1),
('achiupr01', 1079152, 0.2857142857142857, 2, 2, 2, 11, 1, 33, 4, 1),
('iveyja01', 1077515, 0.3, 1, 1, 0, 2, 3, 24, 14, 1),
('durenja01', 1077515, 0.36363636363636365, 1, 0, 1, 16, 4, 31, 11, 1),
('cunnica01', 1077515, 0.5263157894736842, 0, 5, 2, 5, 8, 36, 32, 1),
('fontesi01', 1077515, 0.5555555555555556, 0, 2, 0, 3, 1, 32, 12, 1),
('finnedo01', 1077106, 0.6, 0, 0, 1, 9, 4, 24, 13, 1),
('schrode01', 1077106, 0.5833333333333334, 0, 4, 0, 2, 5, 26, 18, 1),
('bridgmi01', 1077106, 0.4, 2, 1, 0, 3, 2, 30, 11, 1),
('claxtni01', 1077106, 1.0, 1, 1, 3, 4, 3, 21, 10, 1),
('thomaca02', 1077106, 0.35714285714285715, 1, 0, 0, 3, 5, 29, 14, 1),
('murrake02', 1077866, 0.7142857142857143, 3, 1, 1, 5, 1, 35, 28, 0),
('divindo01', 1079152, 0.6153846153846154, 2, 2, 0, 3, 4, 31, 21, 1),
('foxde01', 1077866, 0.5416666666666666, 3, 7, 1, 8, 6, 38, 27, 0),
('sabondo01', 1077866, 0.75, 0, 4, 0, 14, 10, 40, 14, 0),
('kennalu01', 1077106, 0.6666666666666666, 1, 0, 0, 2, 0, 24, 11, 0),
('jacksja02', 1077106, 0.16666666666666666, 2, 3, 1, 4, 1, 29, 15, 0),
('aldamsa01', 1077106, 0.6, 1, 2, 0, 5, 1, 19, 7, 0),
('willivi01', 1077106, 0.4, 0, 4, 0, 3, 5, 24, 6, 0),
('willizi02', 1077106, 0.2727272727272727, 1, 2, 0, 2, 0, 25, 6, 0),
('barneha02', 1077866, 0.42857142857142855, 1, 0, 0, 2, 0, 19, 10, 0),
('jaqueja01', 1077866, 0.7058823529411765, 3, 2, 0, 5, 2, 37, 26, 1),
('wrighde01', 1077866, 0.6, 2, 0, 1, 2, 5, 35, 13, 1),
('adebaba01', 1077866, 0.6111111111111112, 2, 5, 1, 10, 7, 36, 28, 1),
('robindu01', 1077866, 0.09090909090909091, 1, 2, 0, 4, 11, 38, 4, 1),
('martica02', 1077866, 0.42857142857142855, 1, 1, 0, 6, 1, 40, 16, 1),
('divindo01', 1077515, 0.6153846153846154, 2, 2, 0, 3, 4, 31, 21, 0),
('trentga02', 1077686, 0.4166666666666667, 0, 0, 0, 5, 2, 30, 11, 1),
('barrerj01', 1077686, 0.6875, 0, 2, 0, 2, 5, 32, 24, 1),
('quickim01', 1077686, 0.5, 2, 4, 1, 6, 2, 34, 19, 1),
('barnesc01', 1077686, 0.4444444444444444, 0, 3, 5, 12, 12, 37, 21, 1),
('poeltja01', 1077686, 0.7, 0, 0, 1, 10, 4, 21, 15, 1),
('turnemy01', 1077686, 0.625, 0, 3, 2, 11, 1, 26, 16, 0),
('siakapa01', 1077686, 0.5, 0, 1, 1, 9, 6, 36, 27, 0),
('nembhan01', 1077686, 0.35714285714285715, 1, 2, 0, 0, 1, 26, 11, 0),
('halibty01', 1077686, 0.18181818181818182, 2, 1, 0, 0, 7, 32, 9, 0),
('mathube01', 1077686, 0.7333333333333333, 2, 2, 1, 9, 5, 38, 34, 0),
('achiupr01', 1077515, 0.2857142857142857, 2, 2, 2, 11, 1, 33, 4, 0),
('thompau01', 1077515, 0.6, 3, 4, 0, 4, 3, 35, 7, 1),
('harteis01', 1077515, 0.4, 0, 1, 1, 8, 4, 26, 6, 0),
('hartjo01', 1077515, 0.47058823529411764, 2, 1, 1, 8, 6, 41, 23, 0),
('fontesi01', 1079152, 0.5555555555555556, 0, 2, 0, 3, 1, 32, 12, 0),
('cunnica01', 1079152, 0.5263157894736842, 0, 5, 2, 5, 8, 36, 32, 0),
('durenja01', 1079152, 0.36363636363636365, 1, 0, 1, 16, 4, 31, 11, 0),
('iveyja01', 1079152, 0.3, 1, 1, 0, 2, 3, 24, 14, 0),
('thompau01', 1079152, 0.6, 3, 4, 0, 4, 3, 35, 7, 0),
('brunsja01', 1077515, 0.4230769230769231, 2, 4, 0, 1, 12, 39, 35, 0),
('burksal01', 1077515, 0.3333333333333333, 1, 2, 0, 1, 1, 14, 7, 0),
('fournev01', 1077515, 0.6, 2, 2, 0, 0, 1, 19, 7, 1),
('flynnma01', 1077515, 0.5, 0, 0, 0, 3, 2, 11, 8, 1),
('grimequ01', 1077515, 0.4444444444444444, 1, 2, 3, 3, 2, 23, 14, 1),
('mcbrimi01', 1077515, 0.5, 0, 0, 0, 0, 0, 10, 2, 0),
('wisemja01', 1077515, 0.5, 1, 1, 0, 6, 1, 16, 4, 1),
('loveke01', 1077866, 0.6666666666666666, 0, 1, 0, 7, 1, 15, 19, 1),
('highsha01', 1077866, 0.6666666666666666, 3, 0, 1, 4, 0, 28, 15, 1),
('swideco01', 1077866, 0.0, 0, 0, 0, 1, 0, 4, 0, 1),
('willial06', 1077866, 0.0, 0, 0, 0, 0, 0, 3, 0, 1),
('simsje01', 1077515, 0.5, 0, 1, 0, 6, 2, 20, 2, 0),
('bogdabo02', 1077515, 0.45454545454545453, 0, 1, 0, 6, 1, 21, 13, 0),
('evbuoto01', 1077515, 1.0, 0, 0, 0, 0, 0, 7, 2, 1),
('lylestr01', 1077866, 0.6666666666666666, 0, 1, 1, 3, 0, 20, 5, 0),
('monkma01', 1077866, 0.4, 2, 1, 0, 2, 7, 20, 8, 0),
('mitchda01', 1077866, 1.0, 0, 0, 1, 1, 3, 9, 4, 0),
('duartch01', 1077866, 0.0, 1, 0, 1, 1, 1, 16, 0, 0),
('toppiob01', 1077686, 0.25, 2, 1, 0, 3, 0, 18, 4, 0),
('burksal01', 1079152, 0.3333333333333333, 1, 2, 0, 1, 1, 14, 7, 1),
('evbuoto01', 1079152, 1.0, 0, 0, 0, 0, 0, 7, 2, 0),
('wisemja01', 1079152, 0.5, 1, 1, 0, 6, 1, 16, 4, 0),
('grimequ01', 1079152, 0.4444444444444444, 1, 2, 3, 3, 2, 23, 14, 0),
('flynnma01', 1079152, 0.5, 0, 0, 0, 3, 2, 11, 8, 0),
('fournev01', 1079152, 0.6, 2, 2, 0, 0, 1, 19, 7, 0),
('sheppbe01', 1077686, 0.25, 0, 0, 0, 0, 0, 17, 2, 0),
('walkeja02', 1077686, 0.0, 0, 0, 0, 2, 1, 4, 0, 0),
('bogdabo02', 1079152, 0.45454545454545453, 0, 1, 0, 6, 1, 21, 13, 1),
('smithja04', 1077686, 0.5714285714285714, 0, 0, 1, 5, 2, 14, 9, 0),
('mcderdo01', 1077686, 0.0, 0, 0, 0, 0, 0, 4, 0, 0),
('mccontj01', 1077686, 0.625, 1, 0, 0, 4, 4, 19, 10, 0),
('dickgr01', 1077686, 0.7777777777777778, 1, 0, 0, 5, 2, 22, 18, 1),
('agbajoc01', 1077686, 0.5714285714285714, 0, 0, 0, 2, 2, 19, 13, 1),
('brownbr01', 1077686, 0.25, 0, 1, 0, 1, 1, 16, 2, 1),
('olynyke01', 1077686, 0.5, 1, 1, 0, 2, 5, 23, 7, 1),
('jacksgg01', 1077106, 0.07692307692307693, 0, 0, 0, 5, 0, 23, 6, 0),
('simsje01', 1079152, 0.5, 0, 1, 0, 6, 2, 20, 2, 1),
('mcbrimi01', 1079152, 0.5, 0, 0, 0, 0, 0, 10, 2, 1),
('simmobe01', 1077106, 1.0, 0, 0, 0, 6, 3, 14, 4, 1),
('bateske01', 1077106, 0.0, 0, 0, 1, 0, 0, 6, 2, 1),
('smithde03', 1077106, 0.0, 0, 0, 0, 2, 3, 13, 0, 1),
('johnsca02', 1077106, 0.5555555555555556, 1, 1, 0, 2, 3, 24, 12, 1),
('walkelo01', 1077106, 0.36363636363636365, 0, 0, 0, 6, 2, 18, 13, 1),
('watfotr01', 1077106, 0.5, 0, 0, 0, 1, 0, 7, 3, 1),
('wilsoja03', 1077106, 0.3333333333333333, 0, 0, 0, 0, 0, 7, 3, 1),
('sharpda01', 1077106, 0.5714285714285714, 0, 1, 0, 8, 2, 15, 8, 1),
('rosede01', 1077106, 0.75, 0, 2, 0, 2, 4, 15, 6, 0),
('watanyu01', 1077106, 0.3333333333333333, 0, 0, 0, 4, 1, 21, 2, 0),
('stevela01', 1077106, 0.8888888888888888, 0, 1, 1, 6, 2, 23, 17, 0),
('hurtma01', 1077106, 0, 0, 0, 0, 2, 0, 4, 0, 0),
('laravja01', 1077106, 0.4, 1, 0, 2, 5, 2, 27, 10, 0),
('greendr01', 1077573, 0.25, 0, 2, 0, 8, 8, 28, 6, 1),
('millebr02', 1077182, 0.42857142857142855, 1, 1, 0, 2, 2, 32, 14, 0),
('manntr01', 1077182, 0.5, 2, 2, 0, 4, 3, 32, 16, 0),
('richani01', 1077182, 0.42857142857142855, 1, 1, 0, 7, 0, 20, 6, 0),
('martico01', 1077182, 0.14285714285714285, 0, 1, 0, 6, 7, 22, 2, 0),
('bridgmi02', 1077182, 0.4, 2, 3, 0, 3, 0, 36, 17, 0),
('lopezbr01', 1077182, 0.0, 2, 0, 2, 1, 1, 23, 0, 1),
('lillada01', 1077182, 0.5714285714285714, 0, 3, 0, 9, 7, 24, 23, 1),
('mcdanja02', 1077940, 0.2, 3, 3, 2, 5, 1, 26, 2, 1),
('edwaran01', 1077940, 0.4482758620689655, 4, 4, 1, 5, 5, 33, 34, 1),
('goberru01', 1077940, 0.5, 0, 1, 4, 17, 3, 39, 13, 1),
('anderky01', 1077940, 0.25, 2, 2, 0, 2, 4, 15, 2, 1),
('conlemi01', 1077940, 0.6, 1, 0, 0, 0, 1, 19, 16, 1),
('crowdja01', 1077182, 0.8, 0, 0, 0, 7, 2, 23, 10, 1),
('antetgi01', 1077182, 0.6153846153846154, 0, 1, 0, 8, 1, 24, 24, 1),
('beaslma01', 1077182, 0.3333333333333333, 1, 0, 0, 4, 4, 26, 6, 1),
('sochaje01', 1077940, 0.0, 0, 0, 0, 0, 1, 15, 0, 0),
('wembavi01', 1077940, 0.38461538461538464, 2, 5, 4, 13, 5, 34, 17, 0),
('champju02', 1077940, 0.5, 1, 0, 2, 3, 1, 18, 7, 0),
('vassede01', 1077940, 0.5, 3, 3, 0, 6, 6, 38, 21, 0),
('jonestr01', 1077940, 1.0, 1, 6, 0, 8, 6, 28, 11, 0),
('mcbrimi01', 1077970, 0.2727272727272727, 1, 0, 1, 3, 8, 40, 10, 0),
('achiupr01', 1077970, 0.4, 0, 1, 1, 7, 2, 39, 15, 0),
('simsje01', 1077970, 1.0, 0, 2, 2, 7, 3, 29, 7, 0),
('divindo01', 1077970, 0.38095238095238093, 2, 3, 0, 4, 2, 36, 23, 0),
('hartjo01', 1077970, 0.4, 2, 1, 0, 10, 5, 40, 15, 0),
('stewais01', 1077252, 0.4444444444444444, 0, 2, 1, 9, 0, 34, 11, 1),
('cunnica01', 1077252, 0.6923076923076923, 0, 3, 1, 5, 5, 36, 26, 1),
('durenja01', 1077252, 0.5555555555555556, 1, 5, 3, 10, 5, 31, 14, 1),
('iveyja01', 1077252, 0.5714285714285714, 1, 4, 1, 2, 5, 33, 15, 1),
('thompau01', 1077252, 0.625, 0, 1, 1, 8, 3, 34, 13, 1),
('murphtr02', 1077970, 0.6428571428571429, 1, 0, 0, 7, 4, 36, 26, 1),
('joneshe01', 1077970, 0.6666666666666666, 2, 1, 0, 1, 1, 33, 15, 1),
('willizi01', 1077970, 0.4666666666666667, 0, 6, 2, 5, 4, 29, 21, 1),
('ingrabr01', 1077970, 0.5, 0, 5, 2, 6, 5, 33, 24, 1),
('valanjo01', 1077970, 0.3333333333333333, 0, 0, 0, 9, 1, 23, 7, 1),
('derozde01', 1077252, 0.5625, 1, 0, 0, 3, 4, 39, 25, 0),
('vucevni01', 1077252, 0.5217391304347826, 0, 1, 1, 10, 2, 37, 25, 0),
('horfoal01', 1077031, 0.6666666666666666, 1, 0, 1, 5, 1, 21, 8, 1),
('whitede01', 1077031, 0.3333333333333333, 2, 2, 3, 6, 6, 29, 6, 1),
('brownja02', 1077031, 0.7857142857142857, 1, 4, 0, 6, 1, 34, 31, 1),
('tatumja01', 1077031, 0.45, 0, 1, 1, 11, 8, 34, 29, 1),
('porzikr01', 1077031, 0.4166666666666667, 1, 1, 1, 12, 1, 31, 23, 1),
('carusal01', 1077252, 0.2222222222222222, 5, 1, 0, 2, 1, 24, 4, 0),
('dosunay01', 1077252, 0.2857142857142857, 3, 2, 0, 6, 6, 38, 8, 0),
('whiteco01', 1077252, 0.14285714285714285, 0, 1, 0, 5, 6, 41, 10, 0),
('reedpa01', 1077031, 0.0, 0, 0, 0, 3, 0, 13, 0, 0),
('maxeyty01', 1077031, 0.5, 2, 1, 1, 3, 5, 36, 32, 0),
('oubreke01', 1077031, 0.16666666666666666, 1, 0, 0, 1, 1, 21, 3, 0),
('hieldbu01', 1077031, 0.25, 0, 1, 0, 2, 4, 29, 6, 0),
('harrito02', 1077031, 0.2631578947368421, 0, 1, 0, 2, 0, 29, 13, 0),
('vanvlfr01', 1077634, 0.18181818181818182, 1, 2, 0, 1, 5, 36, 5, 0),
('brookdi01', 1077634, 0.3333333333333333, 0, 0, 0, 4, 1, 31, 7, 0),
('greenja05', 1077634, 0.35294117647058826, 0, 3, 0, 6, 3, 27, 16, 0),
('sengual01', 1077634, 0.6153846153846154, 2, 5, 2, 11, 6, 35, 23, 0),
('beysa01', 1076948, 0.36363636363636365, 0, 1, 0, 7, 0, 30, 16, 1),
('johnsja05', 1076948, 0.6428571428571429, 1, 5, 0, 13, 6, 35, 22, 1),
('murrade01', 1076948, 0.3684210526315789, 1, 5, 2, 4, 11, 31, 17, 1),
('capelca01', 1076948, 0.4444444444444444, 1, 1, 3, 13, 0, 24, 9, 1),
('bogdabo01', 1076948, 0.4666666666666667, 2, 4, 2, 3, 3, 33, 19, 1),
('smithja05', 1077634, 0.4375, 1, 1, 1, 13, 2, 35, 18, 0),
('georgke01', 1076948, 0.3333333333333333, 0, 2, 0, 1, 6, 33, 14, 0),
('hendrita01', 1076948, 0.375, 2, 0, 0, 8, 1, 28, 8, 0),
('sextoco01', 1076948, 0.5, 6, 3, 0, 1, 3, 29, 22, 0),
('collijo01', 1076948, 0.25, 0, 5, 1, 10, 2, 22, 5, 0),
('markkla01', 1076948, 0.3076923076923077, 0, 2, 0, 4, 0, 26, 11, 0),
('irvinky01', 1077318, 0.5, 1, 3, 1, 6, 3, 38, 30, 0),
('doncilu01', 1077318, 0.5862068965517241, 3, 1, 0, 9, 14, 41, 45, 0),
('washipj01', 1077318, 0.625, 3, 0, 1, 2, 2, 35, 11, 0),
('greenjo02', 1077318, 0.375, 4, 0, 0, 1, 1, 28, 7, 0),
('livelde01', 1077318, 1.0, 0, 0, 2, 6, 0, 22, 9, 0),
('grantje01', 1077867, 0.4666666666666667, 3, 3, 0, 7, 6, 40, 24, 0),
('aytonde01', 1077867, 0.6666666666666666, 2, 2, 1, 10, 2, 18, 12, 0),
('simonan01', 1077867, 0.38461538461538464, 0, 4, 0, 1, 4, 40, 26, 0),
('jovicni01', 1077867, 0.6, 0, 0, 0, 2, 0, 15, 8, 1),
('kispeco01', 1077573, 0.5333333333333333, 0, 3, 2, 3, 5, 33, 20, 0),
('robindu01', 1077867, 0.625, 2, 2, 0, 3, 3, 34, 17, 1),
('mitchdo01', 1077318, 0.55, 0, 7, 1, 7, 6, 38, 31, 1),
('garlada01', 1077318, 0.2, 0, 2, 0, 1, 7, 32, 8, 1),
('strusma01', 1077318, 0.5833333333333334, 0, 2, 2, 4, 4, 25, 21, 1),
('allenja01', 1077318, 0.7777777777777778, 0, 1, 1, 9, 0, 32, 19, 1),
('shamela01', 1077573, 0.46153846153846156, 0, 0, 0, 0, 1, 32, 16, 0),
('baglema01', 1077573, 0.7272727272727273, 1, 1, 2, 9, 2, 32, 20, 0),
('mobleev01', 1077318, 0.45454545454545453, 1, 1, 0, 9, 7, 28, 12, 1),
('adebaba01', 1077867, 0.5555555555555556, 0, 6, 1, 9, 2, 33, 13, 1),
('roziete01', 1077867, 0.5, 1, 2, 2, 4, 4, 30, 19, 1),
('butleji01', 1077867, 0.5833333333333334, 4, 1, 2, 4, 9, 33, 22, 1),
('kuzmaky01', 1077573, 0.5714285714285714, 0, 6, 1, 12, 2, 37, 27, 0),
('finnedo01', 1077107, 0.5, 2, 3, 1, 4, 2, 21, 3, 0),
('schrode01', 1077107, 0.6, 3, 2, 0, 1, 2, 25, 15, 0),
('bridgmi01', 1077107, 0.14285714285714285, 1, 3, 0, 2, 2, 29, 4, 0),
('johnsca02', 1077107, 0.4, 1, 1, 0, 1, 2, 29, 9, 0),
('claxtni01', 1077107, 0.6666666666666666, 0, 2, 0, 5, 1, 27, 10, 0),
('suggsja01', 1077107, 0.6, 2, 2, 0, 1, 2, 15, 9, 1),
('holmgch01', 1077634, 0.46153846153846156, 1, 2, 3, 13, 2, 33, 18, 1),
('willija06', 1077634, 0.6470588235294118, 2, 3, 2, 5, 5, 34, 24, 1),
('houstca01', 1077107, 0.75, 2, 1, 0, 6, 1, 30, 9, 1),
('gilgesh01', 1077634, 0.5238095238095238, 1, 2, 0, 8, 3, 31, 31, 1),
('wagnefr01', 1077107, 0.7272727272727273, 0, 3, 1, 5, 5, 28, 21, 1),
('cartewe01', 1077107, 0.5555555555555556, 0, 2, 1, 7, 2, 22, 10, 1),
('irvinky01', 1077388, 0.55, 2, 1, 1, 1, 3, 35, 29, 1),
('doncilu01', 1077388, 0.4782608695652174, 2, 5, 0, 11, 16, 35, 30, 1),
('washipj01', 1077388, 0.5625, 0, 2, 3, 6, 0, 31, 23, 1),
('greenjo02', 1077388, 0.5, 0, 2, 0, 7, 1, 30, 5, 1),
('livelde01', 1077388, 1.0, 2, 0, 5, 4, 1, 23, 9, 1),
('poeltja01', 1077388, 0.5833333333333334, 4, 0, 2, 7, 6, 29, 16, 0),
('trentga02', 1077388, 0.375, 1, 0, 0, 4, 0, 32, 11, 0),
('barrerj01', 1077388, 0.5625, 0, 1, 0, 5, 6, 34, 26, 0),
('quickim01', 1077388, 0.5555555555555556, 2, 1, 0, 5, 9, 38, 28, 0),
('barnesc01', 1077388, 0.4090909090909091, 3, 4, 1, 11, 7, 38, 19, 0),
('mccolcj01', 1077687, 0.42857142857142855, 0, 1, 0, 6, 3, 34, 23, 0),
('valanjo01', 1077687, 0.0, 0, 0, 0, 3, 0, 7, 0, 0),
('ingrabr01', 1077687, 0.4, 0, 1, 0, 6, 4, 28, 30, 0),
('willizi01', 1077687, 0.5, 0, 1, 0, 3, 4, 31, 23, 0),
('joneshe01', 1077687, 0.5555555555555556, 0, 0, 1, 4, 1, 38, 14, 0),
('turnemy01', 1077687, 0.45454545454545453, 1, 0, 2, 10, 0, 26, 14, 1),
('siakapa01', 1077687, 0.6111111111111112, 0, 2, 2, 11, 5, 32, 24, 1),
('nembhan01', 1077687, 0.42857142857142855, 1, 1, 0, 4, 1, 28, 8, 1),
('halibty01', 1077687, 0.4666666666666667, 1, 1, 1, 3, 13, 33, 17, 1),
('mathube01', 1077687, 0.35294117647058826, 0, 2, 0, 4, 2, 29, 16, 1),
('goodwjo01', 1077828, 0.125, 2, 2, 0, 8, 8, 31, 5, 0),
('jacksja02', 1077828, 0.4782608695652174, 3, 2, 1, 13, 1, 37, 33, 0),
('aldamsa01', 1077828, 0.38461538461538464, 2, 2, 2, 5, 1, 35, 11, 0),
('willivi01', 1077828, 0.26666666666666666, 1, 3, 1, 6, 6, 30, 11, 0),
('willizi02', 1077828, 0.42857142857142855, 0, 1, 0, 8, 2, 35, 16, 0),
('conlemi01', 1077828, 0.25, 0, 2, 0, 5, 7, 27, 4, 1),
('goberru01', 1077828, 0.75, 1, 3, 2, 8, 0, 27, 8, 1),
('townska01', 1077828, 0.38461538461538464, 3, 4, 1, 11, 2, 37, 13, 1),
('edwaran01', 1077828, 0.5238095238095238, 0, 3, 1, 2, 4, 39, 34, 1),
('mcdanja02', 1077828, 0.7142857142857143, 0, 1, 3, 2, 3, 33, 12, 1),
('mitchdo01', 1077253, 0.38461538461538464, 0, 5, 0, 5, 3, 44, 19, 0),
('garlada01', 1077253, 0.36363636363636365, 1, 1, 0, 2, 5, 44, 23, 0),
('strusma01', 1077253, 0.3076923076923077, 1, 1, 0, 5, 6, 36, 11, 0),
('allenja01', 1077253, 0.4166666666666667, 1, 0, 2, 4, 4, 34, 11, 0),
('mobleev01', 1077253, 0.6470588235294118, 1, 2, 4, 13, 1, 42, 25, 0),
('derozde01', 1077253, 0.3076923076923077, 0, 0, 1, 10, 5, 48, 35, 1),
('vucevni01', 1077253, 0.43478260869565216, 2, 4, 2, 13, 5, 40, 24, 1),
('drumman01', 1077253, 0.6666666666666666, 0, 3, 3, 26, 1, 36, 17, 1),
('dosunay01', 1077253, 0.42857142857142855, 1, 4, 1, 3, 4, 47, 21, 1),
('whiteco01', 1077253, 0.25, 1, 3, 1, 8, 12, 50, 14, 1),
('barneha02', 1077453, 0.3333333333333333, 0, 0, 0, 4, 3, 19, 7, 0),
('sabondo01', 1077453, 0.35714285714285715, 1, 3, 0, 10, 7, 32, 13, 0),
('huertke01', 1077453, 0.4, 0, 3, 0, 1, 2, 18, 4, 0),
('mitchda01', 1077453, 0.4, 1, 1, 0, 1, 3, 15, 5, 0),
('murrake02', 1077453, 0.5294117647058824, 1, 2, 1, 4, 0, 33, 21, 0),
('caldwke01', 1077453, 0.6, 3, 0, 0, 2, 4, 28, 16, 1),
('gordoaa01', 1077453, 0.875, 0, 0, 0, 6, 6, 24, 17, 1),
('jokicni01', 1077453, 0.5555555555555556, 3, 2, 1, 14, 11, 32, 14, 1),
('murraja01', 1077453, 0.8666666666666667, 1, 5, 0, 3, 6, 32, 32, 1),
('portemi01', 1077453, 0.45454545454545453, 0, 3, 1, 5, 1, 24, 14, 1),
('jamesle01', 1077733, 0.6190476190476191, 0, 3, 2, 6, 8, 37, 34, 1),
('davisan02', 1077733, 0.5333333333333333, 2, 2, 3, 12, 2, 36, 20, 1),
('russeda01', 1077733, 0.6, 0, 3, 0, 2, 6, 34, 18, 1),
('hachiru01', 1077733, 0.5333333333333333, 1, 2, 0, 2, 0, 29, 17, 1),
('reaveau01', 1077733, 0.5454545454545454, 1, 1, 0, 8, 5, 35, 13, 1),
('hardeja01', 1077733, 0.5, 1, 4, 0, 3, 9, 39, 23, 0),
('leonaka01', 1077733, 0.5789473684210527, 1, 1, 0, 7, 6, 39, 26, 0),
('theisda01', 1077733, 0.4, 0, 1, 1, 5, 2, 30, 9, 0),
('coffeam01', 1077733, 0.375, 2, 1, 0, 3, 3, 25, 8, 0),
('mannte01', 1077733, 0.7777777777777778, 1, 0, 0, 6, 2, 30, 16, 0),
('hardati02', 1077388, 0.38461538461538464, 0, 0, 0, 4, 4, 25, 16, 1),
('exumda01', 1077388, 0.5, 0, 0, 0, 3, 5, 16, 4, 1),
('jonesde02', 1077388, 0.4, 0, 0, 0, 6, 1, 15, 5, 1),
('gaffoda01', 1077388, 0.8571428571428571, 1, 4, 1, 7, 1, 24, 13, 1),
('lawsoaj01', 1077388, 1.0, 0, 0, 0, 1, 0, 1, 2, 1),
('prospol01', 1077388, 0.0, 0, 0, 0, 0, 0, 1, 0, 1),
('olynyke01', 1077388, 0.5, 1, 3, 0, 0, 2, 17, 13, 0),
('brownbr01', 1077388, 0.0, 0, 0, 0, 8, 3, 21, 5, 0),
('agbajoc01', 1077388, 0.0, 0, 1, 0, 1, 1, 8, 0, 0),
('dickgr01', 1077388, 0.5, 0, 1, 0, 3, 0, 18, 7, 0),
('nancela02', 1077687, 1.0, 0, 2, 1, 6, 1, 22, 6, 0),
('marshna01', 1077687, 0, 1, 4, 2, 8, 4, 28, 0, 0),
('murphtr02', 1077687, 0.36363636363636365, 1, 0, 0, 4, 7, 31, 11, 0),
('hawkijo01', 1077687, 0.6, 0, 1, 0, 0, 2, 17, 7, 0),
('mccontj01', 1077687, 0.5, 0, 0, 0, 4, 9, 19, 8, 1),
('smithja04', 1077687, 0.4444444444444444, 0, 2, 1, 7, 1, 18, 9, 1),
('toppiob01', 1077687, 0.6666666666666666, 0, 0, 2, 6, 2, 23, 16, 1),
('sheppbe01', 1077687, 0.5, 2, 0, 1, 1, 1, 26, 11, 1),
('rosede01', 1077828, 0.5, 0, 1, 0, 0, 1, 5, 2, 0),
('watanyu01', 1077828, 0.0, 0, 0, 0, 1, 2, 7, 0, 0),
('stevela01', 1077828, 0.3333333333333333, 0, 1, 1, 1, 0, 9, 4, 0),
('laravja01', 1077828, 0.25, 0, 0, 0, 5, 2, 18, 5, 0),
('jacksgg01', 1077828, 0.7142857142857143, 0, 2, 0, 3, 0, 26, 14, 0),
('mclaujo01', 1077828, 0.5, 0, 0, 0, 0, 1, 3, 3, 1),
('morrimo01', 1077828, 0.2857142857142857, 0, 0, 0, 4, 5, 21, 5, 1),
('reidna01', 1077828, 0.5454545454545454, 0, 0, 2, 6, 2, 25, 19, 1),
('alexani01', 1077828, 0.5, 0, 0, 4, 1, 5, 23, 12, 1),
('leverca01', 1077253, 0.4166666666666667, 2, 2, 2, 7, 15, 39, 14, 0),
('niangge01', 1077253, 0.2, 0, 1, 0, 1, 0, 11, 2, 0),
('wadede01', 1077253, 0.5, 0, 0, 2, 2, 1, 13, 5, 0),
('okorois01', 1077253, 0.625, 1, 0, 1, 0, 2, 24, 13, 0),
('bitimon01', 1077253, 0.75, 0, 2, 0, 6, 0, 27, 10, 1),
('carteje01', 1077253, 0.6666666666666666, 1, 0, 0, 1, 0, 13, 4, 1),
('taylote01', 1077253, 0.0, 0, 0, 0, 1, 0, 4, 0, 1),
('terryda01', 1077253, 0, 0, 0, 0, 1, 0, 9, 0, 1),
('phillju01', 1077253, 0.3333333333333333, 1, 0, 0, 5, 2, 13, 7, 1),
('lenal01', 1077453, 0.5, 2, 1, 2, 2, 0, 15, 4, 0),
('lylestr01', 1077453, 0.42857142857142855, 0, 2, 0, 5, 2, 23, 8, 0),
('monkma01', 1077453, 0.375, 1, 1, 0, 5, 5, 24, 14, 0),
('edwarke02', 1077453, 0.0, 0, 0, 0, 2, 0, 10, 1, 0),
('markkla01', 1078051, 0.4, 1, 1, 0, 3, 0, 33, 18, 0),
('collijo01', 1078051, 0.7, 1, 2, 1, 10, 1, 35, 19, 0),
('sextoco01', 1078051, 0.4166666666666667, 1, 1, 0, 3, 4, 29, 19, 0),
('hendrita01', 1078051, 0.5, 1, 1, 0, 7, 1, 27, 10, 0),
('georgke01', 1078051, 0.4166666666666667, 1, 2, 0, 3, 9, 31, 19, 0),
('harriga01', 1078051, 0.625, 1, 0, 1, 4, 1, 23, 13, 1),
('cartewe01', 1078051, 0.3333333333333333, 0, 0, 0, 5, 1, 22, 6, 1),
('wagnefr01', 1078051, 0.5454545454545454, 2, 4, 2, 3, 6, 34, 14, 1),
('suggsja01', 1078051, 0.625, 1, 3, 1, 2, 2, 29, 15, 1),
('banchpa01', 1078051, 0.625, 1, 6, 0, 9, 6, 35, 29, 1),
('lopezbr01', 1077183, 0.3333333333333333, 0, 0, 3, 3, 4, 24, 11, 1),
('lillada01', 1077183, 0.35714285714285715, 2, 2, 0, 6, 2, 34, 17, 1),
('crowdja01', 1077183, 0.4, 2, 1, 0, 2, 1, 22, 4, 1),
('antetgi01', 1077183, 0.6666666666666666, 0, 1, 0, 10, 5, 33, 24, 1),
('beaslma01', 1077183, 0.5833333333333334, 0, 0, 0, 2, 0, 28, 19, 1),
('bridgmi02', 1077183, 0.3333333333333333, 0, 4, 0, 10, 3, 39, 15, 0),
('martico01', 1077183, 0.3333333333333333, 0, 1, 2, 2, 5, 28, 5, 0),
('richani01', 1077183, 0.75, 0, 1, 0, 8, 0, 26, 9, 0),
('manntr01', 1077183, 0.4, 2, 1, 0, 7, 4, 29, 9, 0),
('millebr02', 1077183, 0.38095238095238093, 0, 1, 0, 7, 1, 39, 21, 0),
('curryst01', 1077574, 0.4230769230769231, 1, 3, 0, 11, 1, 31, 31, 1),
('greendr01', 1077574, 0.75, 0, 2, 1, 10, 6, 26, 7, 1),
('kuminjo01', 1077574, 0.631578947368421, 2, 1, 2, 8, 2, 30, 25, 1),
('moodymo01', 1077574, 0.3333333333333333, 1, 0, 1, 4, 1, 25, 8, 1),
('podzibr01', 1077574, 0.16666666666666666, 1, 0, 0, 3, 4, 32, 2, 1),
('hartjo01', 1077574, 0.23529411764705882, 2, 0, 0, 18, 7, 47, 14, 0),
('brunsja01', 1077574, 0.44, 0, 4, 0, 5, 5, 37, 27, 0),
('harteis01', 1077574, 0.4, 1, 2, 0, 6, 2, 19, 6, 0),
('divindo01', 1077574, 0.2857142857142857, 1, 3, 1, 7, 2, 36, 16, 0),
('achiupr01', 1077574, 0.3333333333333333, 0, 2, 2, 8, 1, 25, 3, 0),
('bogdabo01', 1076949, 0.3076923076923077, 0, 0, 0, 3, 3, 32, 11, 0),
('capelca01', 1076949, 0.75, 0, 4, 4, 6, 1, 21, 7, 0),
('murrade01', 1076949, 0.5789473684210527, 0, 2, 0, 6, 5, 31, 28, 0),
('johnsja05', 1076949, 0.4166666666666667, 0, 2, 2, 5, 0, 32, 14, 0),
('beysa01', 1076949, 0.2222222222222222, 0, 0, 0, 5, 3, 30, 6, 0),
('finnedo01', 1076949, 0.375, 0, 1, 0, 3, 1, 26, 7, 1),
('schrode01', 1076949, 0.6, 0, 2, 0, 8, 7, 27, 23, 1),
('bridgmi01', 1076949, 0.42857142857142855, 1, 0, 1, 7, 5, 33, 15, 1),
('johnsca02', 1076949, 0.6666666666666666, 2, 2, 0, 1, 4, 30, 29, 1),
('claxtni01', 1076949, 0.16666666666666666, 0, 0, 1, 8, 2, 28, 5, 1),
('dortlu01', 1078029, 0.375, 0, 0, 0, 4, 0, 33, 8, 0),
('gilgesh01', 1078029, 0.5454545454545454, 1, 1, 1, 6, 3, 34, 31, 0),
('holmgch01', 1078029, 0.6666666666666666, 0, 1, 1, 7, 5, 33, 23, 0),
('willija06', 1078029, 0.5555555555555556, 1, 1, 0, 6, 3, 32, 26, 0),
('giddejo01', 1078029, 0.2, 0, 1, 0, 2, 2, 18, 2, 0),
('jonestr01', 1078029, 0.6666666666666666, 1, 0, 0, 6, 8, 33, 17, 1),
('vassede01', 1078029, 0.6, 1, 1, 2, 3, 9, 38, 28, 1),
('champju02', 1078029, 0.3333333333333333, 0, 0, 0, 2, 1, 18, 6, 1),
('wembavi01', 1078029, 0.5294117647058824, 2, 2, 5, 13, 7, 32, 28, 1),
('sochaje01', 1078029, 0.5714285714285714, 0, 1, 0, 10, 0, 31, 21, 1),
('vanvlfr01', 1077635, 0.375, 0, 2, 1, 6, 5, 38, 21, 0),
('brookdi01', 1077635, 0.2727272727272727, 1, 2, 0, 8, 1, 30, 6, 0),
('greenja05', 1077635, 0.35714285714285715, 3, 4, 0, 5, 2, 39, 34, 0),
('sengual01', 1077635, 0.42857142857142855, 0, 1, 0, 3, 4, 22, 8, 0),
('smithja05', 1077635, 0.2727272727272727, 1, 0, 1, 16, 0, 37, 11, 0),
('duranke01', 1077635, 0.42105263157894735, 0, 3, 0, 7, 6, 40, 24, 1),
('onealro01', 1077635, 0.3, 3, 1, 1, 6, 7, 37, 11, 1),
('nurkiju01', 1077635, 0.4, 1, 7, 3, 13, 2, 27, 16, 1),
('bookede01', 1077635, 0.48148148148148145, 1, 1, 1, 7, 3, 39, 35, 1),
('allengr01', 1077635, 0.2222222222222222, 0, 0, 0, 4, 0, 35, 6, 1),
('butleji01', 1077454, 0.4117647058823529, 1, 0, 0, 7, 3, 40, 21, 0),
('roziete01', 1077454, 0.4, 1, 3, 0, 5, 4, 32, 19, 0),
('adebaba01', 1077454, 0.4444444444444444, 1, 1, 0, 8, 3, 35, 22, 0),
('robindu01', 1077454, 0.5555555555555556, 3, 1, 0, 3, 3, 35, 12, 0),
('jovicni01', 1077454, 0.375, 2, 3, 0, 6, 1, 24, 7, 0),
('caldwke01', 1077454, 0.45454545454545453, 1, 1, 1, 2, 2, 34, 18, 1),
('gordoaa01', 1077454, 0.625, 3, 4, 1, 9, 3, 37, 16, 1),
('jokicni01', 1077454, 0.4, 1, 4, 2, 11, 7, 38, 18, 1),
('murraja01', 1077454, 0.3333333333333333, 0, 1, 0, 1, 3, 14, 6, 1),
('portemi01', 1077454, 0.5217391304347826, 2, 2, 2, 11, 3, 38, 30, 1),
('jonesty01', 1077785, 0.42857142857142855, 2, 3, 0, 1, 11, 36, 8, 0),
('kuzmaky01', 1077785, 0.4375, 1, 2, 3, 10, 4, 37, 20, 0),
('baglema01', 1077785, 0.7857142857142857, 0, 1, 2, 4, 1, 33, 23, 0),
('shamela01', 1077785, 0.2857142857142857, 0, 1, 0, 1, 1, 16, 4, 0),
('avdijde01', 1077785, 0.5, 1, 2, 0, 15, 5, 43, 15, 0),
('jamesle01', 1077785, 0.5, 1, 4, 1, 4, 9, 38, 31, 1),
('davisan02', 1077785, 0.6363636363636364, 1, 1, 3, 15, 4, 41, 40, 1),
('russeda01', 1077785, 0.42857142857142855, 1, 3, 1, 6, 5, 43, 22, 1),
('hachiru01', 1077785, 0.36363636363636365, 2, 0, 0, 7, 1, 35, 8, 1),
('reaveau01', 1077785, 0.5454545454545454, 1, 1, 1, 6, 4, 39, 12, 1),
('clarkjo01', 1078051, 0.2, 2, 2, 0, 5, 7, 35, 5, 0),
('dunnkr01', 1078051, 0.42857142857142855, 1, 1, 0, 1, 2, 21, 7, 0),
('samanlu01', 1078051, 0.5, 0, 0, 0, 4, 0, 11, 8, 0),
('sensabr01', 1078051, 0.0, 0, 3, 0, 1, 1, 13, 2, 0),
('inglejo01', 1078051, 0.5, 0, 0, 0, 0, 2, 14, 5, 1),
('wagnemo01', 1078051, 0.8571428571428571, 1, 2, 0, 10, 1, 26, 14, 1),
('fultzma01', 1078051, 0.25, 2, 0, 0, 3, 3, 18, 7, 1),
('anthoco01', 1078051, 0.4444444444444444, 1, 0, 0, 7, 4, 24, 9, 1),
('houstca01', 1078051, 0.25, 0, 0, 2, 2, 1, 13, 3, 1),
('gallida01', 1077183, 0.3333333333333333, 0, 0, 0, 1, 1, 12, 2, 1),
('beverpa01', 1077183, 0.42857142857142855, 0, 1, 0, 8, 3, 23, 9, 1),
('connapa01', 1077183, 0.3333333333333333, 2, 0, 0, 1, 1, 24, 11, 1),
('portibo01', 1077183, 0.45454545454545453, 3, 1, 0, 10, 4, 27, 14, 1),
('greenaj01', 1077183, 0.0, 0, 1, 0, 1, 0, 5, 0, 1),
('beaucma01', 1077183, 0, 0, 0, 0, 0, 0, 3, 0, 1),
('curryse01', 1077183, 0.7142857142857143, 1, 2, 0, 2, 1, 16, 13, 0),
('bertada01', 1077183, 0.6666666666666666, 0, 0, 0, 0, 0, 14, 8, 0),
('micicva01', 1077183, 0.2, 0, 1, 0, 1, 7, 15, 2, 0),
('willigr01', 1077183, 0.625, 0, 2, 1, 5, 3, 29, 17, 0),
('paulch01', 1077574, 0.375, 3, 1, 0, 4, 6, 25, 11, 1),
('strusma01', 1077319, 0.36363636363636365, 0, 2, 0, 4, 4, 34, 14, 1),
('mannte01', 1077734, 0.8571428571428571, 0, 0, 0, 3, 0, 22, 12, 1),
('theisda01', 1077734, 0.8, 0, 0, 0, 8, 1, 20, 9, 1),
('georgpa01', 1077734, 0.5333333333333333, 0, 0, 0, 6, 3, 30, 22, 1),
('leonaka01', 1077734, 0.45, 1, 1, 1, 9, 4, 29, 27, 1),
('hardeja01', 1077734, 0.6923076923076923, 0, 3, 3, 4, 8, 25, 28, 1),
('avdijde01', 1077734, 0.36363636363636365, 0, 2, 0, 5, 5, 26, 14, 0),
('shamela01', 1077734, 0.3333333333333333, 1, 1, 0, 1, 0, 17, 8, 0),
('baglema01', 1077734, 0.5555555555555556, 0, 0, 0, 10, 0, 27, 10, 0),
('kuzmaky01', 1077734, 0.6842105263157895, 1, 1, 0, 7, 1, 29, 32, 0),
('jonesty01', 1077734, 0.14285714285714285, 1, 1, 0, 0, 9, 22, 2, 0),
('whiteco01', 1077254, 0.5, 0, 2, 0, 3, 2, 38, 22, 0),
('dosunay01', 1077254, 0.5, 0, 3, 0, 5, 6, 37, 15, 0),
('carusal01', 1077254, 0.42857142857142855, 1, 2, 0, 4, 2, 25, 11, 0),
('vucevni01', 1077254, 0.4444444444444444, 0, 1, 0, 9, 3, 34, 17, 0),
('derozde01', 1077254, 0.38461538461538464, 0, 0, 1, 4, 9, 32, 12, 0),
('beaslma01', 1077254, 0.14285714285714285, 1, 1, 0, 6, 2, 28, 4, 1),
('antetgi01', 1077254, 0.7272727272727273, 1, 1, 1, 16, 6, 37, 46, 1),
('crowdja01', 1077254, 0.5, 2, 0, 0, 3, 0, 23, 3, 1),
('lillada01', 1077254, 0.2222222222222222, 0, 3, 0, 3, 7, 33, 16, 1),
('lopezbr01', 1077254, 0.5, 0, 1, 0, 3, 1, 29, 12, 1),
('willizi02', 1077829, 0.4, 1, 1, 0, 5, 2, 25, 9, 0),
('willivi01', 1077829, 0.42857142857142855, 0, 4, 2, 2, 5, 28, 8, 0),
('jemistr01', 1077829, 0.6666666666666666, 0, 1, 0, 6, 1, 30, 5, 0),
('aldamsa01', 1077829, 0.3, 0, 4, 1, 8, 1, 27, 6, 0),
('goodwjo01', 1077829, 0.3076923076923077, 2, 3, 4, 3, 2, 33, 10, 0),
('murrakr01', 1077829, 0.625, 3, 0, 0, 2, 2, 24, 14, 1),
('camarto01', 1077829, 0.4, 1, 0, 0, 7, 1, 20, 4, 1),
('simonan01', 1077829, 0.3333333333333333, 0, 2, 0, 5, 8, 25, 7, 1),
('reathdu01', 1077829, 0.5, 2, 1, 2, 5, 1, 23, 18, 1),
('grantje01', 1077829, 0.4, 0, 1, 0, 2, 5, 33, 10, 1),
('mcdanja02', 1077941, 0.8181818181818182, 0, 1, 0, 7, 1, 44, 26, 0),
('edwaran01', 1077941, 0.18181818181818182, 0, 1, 1, 2, 2, 18, 11, 0),
('townska01', 1077941, 0.4117647058823529, 1, 3, 0, 6, 5, 36, 19, 0),
('goberru01', 1077941, 0.6666666666666666, 0, 1, 3, 16, 1, 42, 16, 0),
('conlemi01', 1077941, 0.5, 2, 3, 0, 3, 8, 35, 14, 0),
('murrake02', 1077941, 0.4666666666666667, 2, 1, 1, 5, 1, 42, 17, 1),
('elliske01', 1077941, 0.5, 4, 0, 1, 2, 7, 18, 2, 1),
('huertke01', 1077941, 0.25, 0, 1, 0, 6, 4, 32, 8, 1),
('sabondo01', 1077941, 0.5, 0, 1, 3, 15, 8, 40, 21, 1),
('barneha02', 1077941, 0.5, 1, 1, 0, 2, 0, 40, 14, 1),
('joneshe01', 1077688, 0.75, 2, 0, 0, 1, 1, 26, 6, 1),
('willizi01', 1077688, 0.5, 0, 5, 0, 3, 7, 21, 8, 1),
('ingrabr01', 1077688, 0.6190476190476191, 0, 2, 0, 8, 6, 30, 34, 1),
('valanjo01', 1077688, 0.6363636363636364, 0, 4, 2, 9, 3, 25, 15, 1),
('mccolcj01', 1077688, 0.45454545454545453, 2, 0, 2, 4, 1, 25, 14, 1),
('halibty01', 1077688, 0.0, 0, 1, 0, 3, 3, 22, 0, 0),
('nesmiaa01', 1077688, 0.6, 0, 0, 0, 3, 3, 20, 9, 0),
('nembhan01', 1077688, 0.3333333333333333, 2, 1, 0, 0, 4, 30, 10, 0),
('siakapa01', 1077688, 0.5, 0, 2, 0, 2, 3, 20, 12, 0),
('turnemy01', 1077688, 0.5, 0, 2, 3, 5, 0, 18, 12, 0),
('whitede01', 1077032, 0.5, 1, 2, 2, 7, 8, 32, 13, 1),
('brownja02', 1077032, 0.55, 1, 0, 0, 7, 5, 30, 25, 1),
('tatumja01', 1077032, 0.5263157894736842, 0, 4, 0, 8, 3, 37, 32, 1),
('porzikr01', 1077032, 0.5714285714285714, 0, 0, 1, 6, 2, 29, 24, 1),
('holidjr01', 1077032, 0.6666666666666666, 2, 0, 1, 2, 7, 26, 11, 1),
('livelde01', 1077032, 1.0, 2, 0, 1, 4, 1, 23, 15, 0),
('greenjo02', 1077032, 0.2, 0, 0, 0, 3, 2, 28, 2, 0),
('washipj01', 1077032, 0.4375, 0, 0, 1, 7, 0, 35, 17, 0),
('doncilu01', 1077032, 0.56, 0, 2, 0, 12, 11, 36, 37, 0),
('irvinky01', 1077032, 0.391304347826087, 0, 1, 0, 4, 2, 36, 19, 0),
('lowryky01', 1077184, 0.5555555555555556, 0, 2, 0, 6, 10, 36, 15, 1),
('harrito02', 1077184, 0.6842105263157895, 2, 0, 1, 12, 4, 40, 31, 1),
('hieldbu01', 1077184, 0.45454545454545453, 2, 0, 0, 3, 6, 31, 13, 1),
('manntr01', 1077184, 0.3, 0, 0, 0, 3, 6, 32, 9, 0),
('richani01', 1077184, 0.8888888888888888, 0, 0, 2, 4, 1, 29, 19, 0),
('martico01', 1077184, 0.4444444444444444, 0, 1, 2, 4, 2, 32, 12, 0),
('bambamo01', 1077184, 0.25, 1, 2, 2, 8, 1, 19, 2, 1),
('maxeyty01', 1077184, 0.3793103448275862, 0, 0, 1, 6, 5, 39, 33, 1),
('bridgmi02', 1077184, 0.5555555555555556, 0, 1, 0, 11, 2, 39, 27, 0),
('curryse01', 1077184, 0.25, 1, 0, 0, 2, 2, 22, 5, 0),
('curryst01', 1077575, 0.4090909090909091, 0, 4, 0, 6, 6, 30, 25, 1),
('greendr01', 1077575, 0.25, 1, 3, 2, 13, 5, 27, 6, 1),
('thompkl01', 1077575, 0.38461538461538464, 2, 2, 0, 7, 1, 29, 14, 1),
('kuminjo01', 1077575, 0.47368421052631576, 0, 2, 0, 6, 2, 27, 24, 1),
('moodymo01', 1077575, 0.5384615384615384, 2, 1, 2, 5, 1, 31, 17, 1),
('thompau01', 1077319, 0.5454545454545454, 5, 1, 2, 7, 3, 36, 15, 0),
('iveyja01', 1077319, 0.35294117647058826, 0, 1, 1, 3, 4, 31, 18, 0),
('durenja01', 1077319, 0.5714285714285714, 0, 1, 1, 10, 2, 30, 14, 0),
('cunnica01', 1077319, 0.3157894736842105, 1, 1, 0, 3, 10, 36, 21, 0),
('stewais01', 1077319, 0.5, 0, 0, 3, 9, 3, 33, 16, 0),
('poeltja01', 1077575, 0.5, 1, 1, 1, 14, 2, 24, 10, 0),
('trentga02', 1077575, 0.2857142857142857, 2, 0, 0, 3, 2, 30, 9, 0),
('barrerj01', 1077575, 0.5625, 0, 2, 0, 3, 4, 31, 23, 0),
('okorois01', 1077319, 0.4444444444444444, 1, 2, 1, 0, 4, 24, 12, 1),
('mobleev01', 1077319, 0.5384615384615384, 2, 1, 2, 17, 7, 34, 22, 1),
('allenja01', 1077319, 0.14285714285714285, 1, 2, 1, 15, 2, 34, 9, 1),
('garlada01', 1077319, 0.42857142857142855, 1, 5, 0, 5, 4, 36, 29, 1),
('barnesc01', 1077575, 0.5714285714285714, 1, 2, 0, 6, 3, 15, 10, 0),
('quickim01', 1077575, 0.26666666666666666, 1, 3, 1, 5, 11, 36, 12, 0),
('plumlma01', 1077734, 0.4, 1, 2, 1, 10, 1, 19, 4, 1),
('flynnma01', 1077319, 0.0, 0, 0, 0, 0, 0, 5, 0, 0),
('grimequ01', 1077319, 0.16666666666666666, 1, 1, 0, 0, 0, 14, 2, 0),
('wisemja01', 1077319, 0.5, 0, 0, 0, 6, 0, 12, 4, 0),
('westbru01', 1077734, 0.6666666666666666, 0, 0, 0, 0, 1, 10, 6, 1),
('jacksgg01', 1077829, 0.5, 0, 2, 0, 1, 0, 22, 11, 0),
('laravja01', 1077829, 0.5384615384615384, 1, 3, 0, 2, 2, 26, 21, 0),
('hurtma01', 1077829, 0.5, 0, 0, 1, 1, 0, 7, 3, 0),
('stevela01', 1077829, 0.5833333333333334, 1, 1, 0, 1, 2, 20, 19, 0),
('bertada01', 1077184, 0.4166666666666667, 0, 0, 0, 1, 2, 19, 14, 0),
('bogdabo01', 1076950, 0.3076923076923077, 1, 4, 0, 6, 1, 35, 13, 0),
('capelca01', 1076950, 0.5714285714285714, 1, 1, 0, 10, 2, 24, 11, 0),
('murrade01', 1076950, 0.42105263157894735, 2, 2, 1, 6, 11, 34, 20, 0),
('johnsja05', 1076950, 0.25, 0, 1, 0, 9, 1, 34, 7, 0),
('beysa01', 1076950, 0.5714285714285714, 0, 0, 0, 3, 2, 34, 23, 0),
('finnedo01', 1076950, 0.7142857142857143, 1, 1, 0, 4, 5, 35, 11, 1),
('schrode01', 1076950, 0.3076923076923077, 0, 2, 2, 2, 8, 34, 14, 1),
('bridgmi01', 1076950, 0.5384615384615384, 2, 2, 1, 5, 2, 38, 38, 1),
('johnsca02', 1076950, 0.5, 1, 1, 0, 5, 1, 30, 23, 1),
('claxtni01', 1076950, 0.6666666666666666, 2, 2, 2, 13, 4, 33, 12, 1),
('markkla01', 1077868, 0.3333333333333333, 2, 1, 1, 4, 6, 40, 25, 0),
('collijo01', 1077868, 0.6153846153846154, 0, 1, 1, 6, 3, 33, 18, 0),
('sextoco01', 1077868, 0.5384615384615384, 0, 0, 0, 1, 5, 31, 18, 0),
('hendrita01', 1077868, 0.5714285714285714, 0, 1, 2, 13, 1, 28, 8, 0),
('georgke01', 1077868, 0.5217391304347826, 0, 5, 0, 4, 4, 43, 31, 0),
('butleji01', 1077868, 0.631578947368421, 1, 2, 1, 3, 7, 35, 37, 1),
('roziete01', 1077868, 0.5555555555555556, 1, 2, 0, 2, 8, 32, 14, 1),
('adebaba01', 1077868, 0.6666666666666666, 0, 0, 0, 7, 3, 34, 23, 1),
('robindu01', 1077868, 0.38461538461538464, 1, 1, 1, 5, 6, 34, 12, 1),
('jovicni01', 1077868, 0.5, 1, 0, 0, 3, 4, 18, 8, 1),
('gordoaa01', 1077455, 0.5, 1, 1, 0, 9, 5, 34, 18, 1),
('jokicni01', 1077455, 0.64, 0, 3, 1, 10, 7, 38, 35, 1),
('murraja01', 1077455, 0.4782608695652174, 1, 2, 0, 6, 11, 38, 24, 1),
('portemi01', 1077455, 1.0, 1, 1, 1, 10, 4, 37, 25, 1),
('braunch01', 1077455, 0.3333333333333333, 1, 2, 2, 5, 2, 23, 2, 1),
('jamesle01', 1077455, 0.6, 3, 3, 0, 4, 9, 37, 26, 0),
('davisan02', 1077455, 0.5384615384615384, 0, 0, 3, 11, 2, 38, 17, 0),
('russeda01', 1077455, 0.46153846153846156, 0, 0, 0, 3, 3, 30, 17, 0),
('hachiru01', 1077455, 0.6666666666666666, 0, 0, 0, 3, 2, 36, 23, 0),
('reaveau01', 1077455, 0.5833333333333334, 0, 2, 0, 2, 14, 36, 19, 0),
('grantje01', 1077830, 0.2, 1, 1, 0, 0, 1, 14, 5, 1),
('reathdu01', 1077830, 0.5555555555555556, 0, 2, 3, 6, 1, 24, 12, 1),
('simonan01', 1077830, 0.43478260869565216, 0, 4, 0, 7, 7, 44, 30, 1),
('camarto01', 1077830, 0.5, 1, 1, 1, 7, 1, 36, 15, 1),
('murrakr01', 1077830, 0.16666666666666666, 0, 1, 0, 5, 2, 38, 2, 1),
('stevela01', 1077830, 0.2727272727272727, 2, 1, 1, 3, 0, 16, 7, 0),
('goodwjo01', 1077830, 0.3333333333333333, 3, 3, 1, 5, 8, 30, 4, 0),
('aldamsa01', 1077830, 0.5, 0, 3, 1, 8, 3, 37, 21, 0),
('willivi01', 1077830, 0.5, 2, 4, 3, 8, 2, 38, 21, 0),
('willizi02', 1077830, 0.2857142857142857, 1, 3, 0, 6, 0, 33, 9, 0),
('vanvlfr01', 1077636, 0.5333333333333333, 1, 2, 0, 5, 11, 41, 24, 1),
('brookdi01', 1077636, 0.4, 2, 0, 1, 6, 3, 33, 11, 1),
('greenja05', 1077636, 0.5217391304347826, 2, 3, 0, 9, 4, 37, 34, 1),
('sengual01', 1077636, 0.42857142857142855, 2, 3, 1, 10, 2, 32, 21, 1),
('smithja05', 1077636, 0.45454545454545453, 1, 0, 1, 5, 1, 36, 14, 1),
('duranke01', 1077636, 0.631578947368421, 0, 6, 3, 9, 2, 39, 30, 0),
('bealbr01', 1077636, 0.5, 0, 2, 0, 2, 2, 20, 7, 0),
('nurkiju01', 1077636, 0.6, 1, 1, 1, 10, 5, 17, 7, 0),
('bookede01', 1077636, 0.4117647058823529, 1, 5, 0, 2, 5, 38, 24, 0),
('allengr01', 1077636, 0.0, 2, 3, 0, 2, 3, 37, 2, 0),
('forretr01', 1076950, 0, 0, 0, 0, 0, 1, 1, 0, 0),
('huntede01', 1076950, 0.45454545454545453, 0, 2, 0, 2, 1, 29, 15, 0),
('mathega01', 1076950, 0.0, 0, 0, 0, 0, 0, 13, 0, 0),
('fernabr01', 1076950, 0.8, 0, 0, 3, 4, 1, 18, 10, 0),
('bufkiko01', 1076950, 0.2, 0, 1, 0, 2, 3, 14, 3, 0),
('bateske01', 1076950, 0, 0, 0, 0, 0, 0, 2, 0, 1),
('smithde03', 1076950, 0.16666666666666666, 0, 0, 1, 6, 6, 21, 3, 1),
('walkelo01', 1076950, 0.14285714285714285, 0, 1, 0, 1, 0, 11, 2, 1),
('watfotr01', 1076950, 1.0, 0, 0, 0, 0, 0, 2, 2, 1),
('wilsoja03', 1076950, 0.3333333333333333, 0, 0, 0, 4, 1, 16, 3, 1),
('sharpda01', 1076950, 0.5, 0, 1, 2, 5, 1, 13, 6, 1),
('dunnkr01', 1077868, 0.0, 1, 0, 0, 1, 2, 10, 0, 0),
('yurtsom01', 1077868, 0.75, 0, 0, 0, 5, 0, 14, 7, 0),
('samanlu01', 1077868, 0, 0, 0, 0, 0, 0, 5, 0, 0),
('hortota01', 1077868, 0.14285714285714285, 0, 0, 1, 8, 3, 19, 7, 0),
('sensabr01', 1077868, 0.5, 0, 2, 0, 0, 0, 12, 6, 0),
('martica02', 1077868, 0.5555555555555556, 0, 0, 3, 5, 4, 22, 18, 1),
('highsha01', 1077868, 0.2, 0, 0, 1, 1, 0, 18, 2, 1),
('jaqueja01', 1077868, 0.5, 1, 1, 0, 4, 1, 29, 12, 1),
('robinor01', 1077868, 0.0, 1, 0, 0, 4, 0, 13, 0, 1),
('jacksre01', 1077455, 0.0, 0, 0, 0, 1, 2, 11, 0, 1),
('holidju01', 1077455, 0.7142857142857143, 1, 0, 0, 2, 3, 31, 13, 1),
('nnajize01', 1077455, 0.0, 0, 1, 0, 2, 0, 8, 0, 1),
('watsope01', 1077455, 0.6, 0, 0, 3, 2, 0, 15, 7, 1),
('dinwisp01', 1077455, 0.25, 0, 1, 0, 1, 3, 19, 3, 0),
('princta02', 1077455, 0.16666666666666666, 0, 0, 0, 1, 0, 12, 2, 0),
('reddica01', 1077455, 0.3333333333333333, 1, 1, 0, 2, 0, 18, 3, 0),
('hayesja02', 1077455, 0.6666666666666666, 1, 0, 1, 4, 0, 8, 4, 0),
('thybuma01', 1077830, 0.2, 2, 2, 0, 4, 1, 19, 2, 1),
('brownmo01', 1077830, 0, 0, 0, 0, 0, 0, 4, 0, 1),
('haganas01', 1077830, 0.4444444444444444, 2, 6, 1, 5, 8, 32, 13, 1),
('bantoda01', 1077830, 0.5, 1, 3, 0, 3, 0, 12, 10, 1),
('ruperra01', 1077830, 0.0, 0, 0, 0, 1, 0, 6, 0, 1),
('walkeja01', 1077830, 0.5, 1, 2, 0, 12, 2, 31, 18, 1),
('kennalu01', 1077830, 0.5, 1, 1, 0, 2, 5, 27, 5, 0),
('konchjo01', 1077830, 0.2, 2, 1, 2, 4, 1, 18, 3, 0),
('hurtma01', 1077830, 0.6, 2, 1, 1, 1, 1, 18, 7, 0),
('laravja01', 1077830, 0.0, 0, 1, 0, 2, 0, 13, 6, 0),
('jacksgg01', 1077830, 0.26666666666666666, 2, 4, 0, 5, 1, 31, 17, 0),
('greenje02', 1077636, 0.0, 0, 0, 0, 2, 0, 10, 1, 1),
('holidaa01', 1077636, 0.0, 0, 1, 0, 1, 1, 6, 0, 1),
('landajo01', 1077636, 0.0, 0, 0, 0, 2, 1, 10, 0, 1),
('thompam01', 1077636, 0.6, 4, 0, 0, 5, 3, 20, 9, 1),
('whitmca01', 1077636, 0.16666666666666666, 1, 3, 0, 4, 1, 10, 4, 1),
('youngth01', 1077636, 0.6666666666666666, 0, 0, 0, 2, 0, 9, 4, 0),
('onealro01', 1077636, 0.5384615384615384, 1, 0, 1, 10, 2, 27, 20, 0),
('eubandr01', 1077636, 0.3333333333333333, 0, 1, 0, 2, 1, 14, 2, 0),
('bolbo01', 1077636, 0.25, 0, 0, 1, 5, 0, 11, 5, 0),
('okogijo01', 1077636, 0.6666666666666666, 1, 1, 0, 3, 2, 16, 7, 0),
('leesa01', 1077636, 0, 0, 0, 0, 0, 1, 6, 1, 0),
('lowryky01', 1077389, 0.1111111111111111, 1, 0, 1, 4, 7, 33, 8, 1),
('harrito02', 1077389, 0.5789473684210527, 1, 1, 0, 5, 1, 35, 28, 1),
('hieldbu01', 1077389, 0.36363636363636365, 1, 1, 1, 3, 4, 28, 11, 1),
('bambamo01', 1077389, 0.6666666666666666, 0, 0, 0, 5, 1, 14, 8, 1),
('maxeyty01', 1077389, 0.5333333333333333, 2, 4, 0, 2, 3, 39, 24, 1),
('irvinky01', 1077389, 0.5, 1, 4, 0, 5, 4, 38, 28, 0),
('doncilu01', 1077389, 0.5185185185185185, 1, 7, 0, 11, 10, 40, 38, 0),
('washipj01', 1077389, 0.3, 1, 2, 0, 4, 2, 35, 13, 0),
('greenjo02', 1077389, 0.5, 1, 2, 0, 6, 1, 19, 7, 0),
('livelde01', 1077389, 0.6666666666666666, 0, 1, 1, 3, 0, 18, 4, 0),
('hardeja01', 1077735, 0.0, 1, 1, 2, 5, 10, 34, 4, 1),
('leonaka01', 1077735, 0.46153846153846156, 2, 2, 1, 5, 1, 38, 32, 1),
('georgpa01', 1077735, 0.3125, 1, 3, 1, 4, 1, 34, 15, 1),
('zubaciv01', 1077735, 0.5, 0, 1, 0, 2, 1, 18, 2, 1),
('mannte01', 1077735, 0.6666666666666666, 0, 0, 0, 4, 1, 19, 6, 1),
('conlemi01', 1077735, 0.0, 0, 3, 0, 7, 5, 27, 0, 0),
('goberru01', 1077735, 0.7142857142857143, 0, 1, 3, 16, 2, 40, 12, 0),
('townska01', 1077735, 0.3888888888888889, 0, 3, 0, 9, 8, 34, 18, 0),
('edwaran01', 1077735, 0.45, 3, 3, 0, 5, 2, 36, 27, 0),
('mcdanja02', 1077735, 0.3333333333333333, 1, 1, 0, 2, 1, 33, 6, 0),
('curryst01', 1077033, 0.15384615384615385, 0, 2, 0, 1, 3, 16, 4, 0),
('greendr01', 1077033, 1.0, 0, 0, 0, 4, 2, 13, 6, 0),
('thompkl01', 1077033, 0.5, 0, 1, 0, 2, 1, 12, 6, 0),
('kuminjo01', 1077033, 0.2222222222222222, 0, 1, 0, 2, 3, 19, 6, 0),
('moodymo01', 1077033, 0.5555555555555556, 0, 1, 0, 4, 0, 19, 11, 0),
('horfoal01', 1077033, 0.6, 1, 0, 0, 4, 4, 20, 7, 1),
('holidjr01', 1077033, 0.42857142857142855, 0, 0, 1, 6, 4, 26, 7, 1),
('tatumja01', 1077033, 0.6923076923076923, 1, 0, 1, 3, 5, 25, 27, 1),
('brownja02', 1077033, 0.5789473684210527, 1, 1, 0, 3, 3, 22, 29, 1),
('whitede01', 1077033, 0.8333333333333334, 1, 0, 0, 3, 8, 19, 14, 1),
('stewais01', 1077516, 0.5714285714285714, 0, 2, 1, 4, 2, 27, 10, 0),
('cunnica01', 1077516, 0.3333333333333333, 1, 1, 0, 2, 7, 22, 9, 0),
('durenja01', 1077516, 0.4444444444444444, 1, 3, 0, 4, 2, 24, 11, 0),
('iveyja01', 1077516, 0.2727272727272727, 0, 0, 0, 1, 0, 24, 10, 0),
('thompau01', 1077516, 0.2, 3, 2, 1, 6, 1, 33, 8, 0),
('harriga01', 1077516, 0.6, 2, 0, 0, 2, 4, 29, 8, 1),
('cartewe01', 1077516, 0.7142857142857143, 1, 0, 2, 8, 3, 31, 19, 1),
('wagnefr01', 1077516, 0.5, 0, 3, 2, 8, 1, 28, 13, 1),
('suggsja01', 1077516, 0.625, 2, 3, 1, 5, 3, 29, 11, 1),
('banchpa01', 1077516, 0.625, 0, 4, 0, 8, 5, 32, 29, 1),
('micicva01', 1077185, 0.38461538461538464, 2, 4, 0, 2, 6, 35, 12, 0),
('bridgmi02', 1077185, 0.47368421052631576, 1, 1, 1, 9, 4, 39, 20, 0),
('willigr01', 1077185, 0.46153846153846156, 1, 6, 1, 13, 5, 40, 18, 0),
('manntr01', 1077185, 0.375, 2, 1, 0, 4, 4, 29, 6, 0),
('millebr02', 1077185, 0.5238095238095238, 0, 2, 1, 10, 3, 36, 26, 0),
('poeltja01', 1077185, 0.6666666666666666, 0, 1, 1, 2, 3, 14, 8, 1),
('trentga02', 1077185, 0.46153846153846156, 3, 0, 1, 5, 0, 34, 17, 1),
('barrerj01', 1077185, 0.625, 2, 5, 0, 9, 5, 34, 23, 1),
('quickim01', 1077185, 0.42857142857142855, 0, 3, 0, 7, 11, 35, 22, 1),
('agbajoc01', 1077185, 0.3, 0, 0, 2, 9, 1, 32, 13, 1),
('turnemy01', 1077689, 0.35294117647058826, 0, 2, 1, 10, 0, 30, 16, 0),
('siakapa01', 1077689, 0.5882352941176471, 1, 1, 0, 8, 1, 37, 21, 0),
('nembhan01', 1077689, 0.42857142857142855, 3, 2, 0, 3, 1, 21, 7, 0),
('nesmiaa01', 1077689, 0.14285714285714285, 1, 2, 0, 1, 2, 27, 4, 0),
('halibty01', 1077689, 0.25, 0, 1, 1, 6, 8, 36, 12, 0),
('jonestr01', 1077689, 0.0, 0, 0, 1, 1, 4, 29, 2, 1),
('vassede01', 1077689, 0.35, 2, 4, 0, 9, 5, 36, 17, 1),
('branhma01', 1077689, 0.5384615384615384, 1, 2, 0, 4, 6, 30, 18, 1),
('wembavi01', 1077689, 0.6470588235294118, 1, 3, 6, 12, 6, 31, 31, 1),
('sochaje01', 1077689, 0.75, 0, 1, 1, 8, 4, 34, 12, 1),
('hartjo01', 1077320, 0.4166666666666667, 2, 2, 2, 19, 10, 45, 13, 1),
('brunsja01', 1077320, 0.0, 0, 0, 0, 0, 0, 1, 0, 1),
('harteis01', 1077320, 0.5714285714285714, 0, 1, 1, 7, 8, 22, 8, 1),
('divindo01', 1077320, 0.5, 3, 1, 1, 6, 4, 39, 28, 1),
('achiupr01', 1077320, 0.75, 2, 2, 3, 4, 0, 21, 14, 1),
('garlada01', 1077320, 0.5, 2, 2, 0, 4, 5, 39, 19, 0),
('strusma01', 1077320, 0.2222222222222222, 1, 2, 0, 1, 3, 29, 6, 0),
('allenja01', 1077320, 0.6153846153846154, 1, 1, 1, 7, 6, 35, 18, 0),
('mobleev01', 1077320, 0.5454545454545454, 0, 2, 1, 13, 6, 27, 13, 0),
('okorois01', 1077320, 0.5384615384615384, 2, 1, 1, 5, 4, 34, 17, 0),
('dortlu01', 1078030, 0.38461538461538464, 3, 1, 1, 5, 0, 31, 13, 1),
('gilgesh01', 1078030, 0.5555555555555556, 3, 1, 3, 8, 9, 38, 35, 1),
('holmgch01', 1078030, 0.5, 1, 1, 0, 9, 2, 31, 14, 1),
('willija06', 1078030, 0.5263157894736842, 3, 1, 0, 4, 2, 32, 22, 1),
('giddejo01', 1078030, 0.4444444444444444, 2, 1, 2, 1, 2, 19, 10, 1),
('duranke01', 1078030, 0.4, 1, 5, 1, 4, 3, 35, 20, 0),
('bealbr01', 1078030, 0.7142857142857143, 0, 7, 1, 4, 6, 33, 31, 0),
('onealro01', 1078030, 0.3, 0, 2, 2, 3, 4, 33, 9, 0),
('nurkiju01', 1078030, 0.4375, 0, 5, 1, 31, 4, 32, 14, 0),
('allengr01', 1078030, 0.3333333333333333, 1, 0, 2, 2, 3, 34, 8, 0),
('batumni01', 1077389, 0.25, 3, 0, 1, 11, 3, 31, 7, 1),
('oubreke01', 1077389, 0.4117647058823529, 0, 0, 1, 5, 4, 25, 21, 1),
('reedpa01', 1077389, 0.8333333333333334, 1, 2, 1, 7, 3, 27, 13, 1),
('martike04', 1077389, 0, 1, 0, 0, 0, 0, 4, 0, 1),
('hardati02', 1077389, 0.125, 0, 0, 0, 0, 1, 14, 2, 0),
('klebima01', 1077389, 0.0, 0, 0, 0, 5, 2, 25, 2, 0),
('exumda01', 1077389, 0, 0, 1, 0, 0, 0, 8, 1, 0),
('jonesde02', 1077389, 0.7777777777777778, 0, 0, 1, 7, 0, 26, 21, 0),
('gaffoda01', 1077389, 0.0, 2, 0, 0, 4, 0, 13, 0, 0),
('powelno01', 1077735, 0.6923076923076923, 1, 1, 0, 3, 0, 27, 24, 1),
('theisda01', 1077735, 0.2857142857142857, 0, 1, 0, 13, 1, 28, 4, 1),
('coffeam01', 1077735, 0.2, 2, 0, 1, 4, 0, 25, 2, 1),
('hylanbo01', 1077735, 0.0, 0, 0, 0, 0, 2, 13, 0, 1),
('anderky01', 1077735, 0.4, 0, 1, 1, 3, 3, 14, 8, 0),
('morrimo01', 1077735, 0.5, 0, 0, 0, 1, 0, 11, 6, 0),
('reidna01', 1077735, 0.0, 0, 2, 1, 11, 2, 21, 3, 0),
('alexani01', 1077735, 0.5, 0, 1, 2, 0, 1, 20, 8, 0),
('paulch01', 1077033, 0.16666666666666666, 1, 2, 0, 3, 7, 21, 2, 0),
('saricda01', 1077033, 0.5, 0, 1, 0, 2, 0, 12, 4, 0),
('looneke01', 1077033, 0.0, 0, 1, 0, 2, 1, 10, 3, 0), -- drugi teden
('reathdu01', 1077942, 0.7142857142857143, 1, 3, 1, 3, 1, 38, 26, 0),
('simonan01', 1077942, 0.5, 0, 4, 0, 5, 14, 43, 34, 0),
('bantoda01', 1077942, 0.35, 0, 1, 0, 7, 4, 33, 18, 0),
('walkeja01', 1077942, 0.2222222222222222, 0, 0, 0, 8, 1, 28, 4, 0),
('murrakr01', 1077942, 0.5454545454545454, 1, 0, 1, 5, 2, 35, 14, 0),
('conlemi01', 1077942, 0.46153846153846156, 3, 2, 0, 2, 7, 28, 19, 1),
('goberru01', 1077942, 0.9, 1, 3, 3, 16, 0, 39, 25, 1),
('townska01', 1077942, 0.4166666666666667, 0, 1, 2, 4, 1, 21, 14, 1),
('alexani01', 1077942, 0.6666666666666666, 2, 0, 0, 1, 1, 21, 13, 1),
('mcdanja02', 1077942, 0.42857142857142855, 0, 0, 0, 4, 1, 23, 9, 1),
('hardeja01', 1077736, 0.5625, 0, 3, 1, 4, 8, 37, 29, 0),
('leonaka01', 1077736, 0.3157894736842105, 4, 1, 1, 4, 5, 37, 16, 0),
('georgpa01', 1077736, 0.5882352941176471, 2, 3, 0, 5, 1, 36, 29, 0),
('zubaciv01', 1077736, 0.5, 0, 2, 0, 11, 4, 23, 6, 0),
('mannte01', 1077736, 0.25, 0, 1, 0, 3, 1, 19, 4, 0),
('lopezbr01', 1077736, 0.25, 0, 0, 2, 6, 3, 30, 6, 1),
('beverpa01', 1077736, 0.4, 4, 2, 1, 9, 2, 34, 12, 1),
('lillada01', 1077736, 0.5454545454545454, 1, 4, 0, 4, 4, 41, 41, 1),
('crowdja01', 1077736, 0.25, 0, 0, 0, 2, 1, 18, 3, 1),
('beaslma01', 1077736, 0.18181818181818182, 3, 1, 0, 4, 2, 29, 5, 1),
('kennalu01', 1077108, 0.7272727272727273, 0, 5, 0, 2, 7, 26, 25, 1),
('konchjo01', 1077108, 0.6666666666666666, 2, 2, 0, 8, 4, 30, 9, 1),
('aldamsa01', 1077108, 0.45454545454545453, 0, 2, 0, 5, 4, 31, 12, 1),
('jemistr01', 1077108, 0.8333333333333334, 0, 1, 1, 7, 0, 18, 10, 1),
('willivi01', 1077108, 0.36363636363636365, 2, 2, 0, 5, 6, 33, 11, 1),
('finnedo01', 1077108, 0.375, 1, 3, 1, 5, 5, 36, 9, 0),
('schrode01', 1077108, 0.38461538461538464, 1, 0, 0, 2, 9, 37, 13, 0),
('bridgmi01', 1077108, 0.2857142857142857, 2, 3, 0, 5, 5, 39, 14, 0),
('johnsca02', 1077108, 0.4, 2, 3, 1, 5, 3, 36, 18, 0),
('claxtni01', 1077108, 0.8, 0, 1, 1, 6, 2, 33, 21, 0),
('jonesty01', 1078137, 0.7272727272727273, 1, 0, 0, 5, 6, 30, 21, 0),
('kuzmaky01', 1078137, 0.3888888888888889, 0, 1, 0, 5, 8, 35, 23, 0),
('baglema01', 1078137, 0.2857142857142857, 1, 2, 0, 9, 4, 23, 6, 0),
('avdijde01', 1078137, 0.3333333333333333, 1, 5, 0, 11, 2, 35, 16, 0),
('coulibi01', 1078137, 0.2857142857142857, 0, 0, 1, 4, 1, 33, 7, 0),
('collijo01', 1078137, 0.6363636363636364, 0, 3, 6, 15, 1, 34, 17, 1),
('samanlu01', 1078137, 0.2222222222222222, 1, 0, 2, 2, 2, 23, 5, 1),
('sextoco01', 1078137, 0.5789473684210527, 2, 1, 0, 3, 7, 33, 29, 1),
('hendrita01', 1078137, 1.0, 0, 0, 0, 2, 1, 14, 8, 1),
('georgke01', 1078137, 0.0, 0, 1, 0, 1, 1, 5, 0, 1),
('derozde01', 1077255, 0.8333333333333334, 2, 2, 0, 0, 4, 37, 33, 1),
('vucevni01', 1077255, 0.3076923076923077, 1, 2, 1, 13, 2, 31, 10, 1),
('carusal01', 1077255, 0.1, 4, 0, 0, 3, 7, 33, 2, 1),
('dosunay01', 1077255, 0.6, 1, 0, 0, 2, 5, 38, 20, 1),
('whiteco01', 1077255, 0.7368421052631579, 1, 3, 0, 5, 7, 43, 37, 1),
('barneha02', 1077255, 0.42857142857142855, 1, 0, 0, 1, 1, 24, 10, 0),
('sabondo01', 1077255, 0.3684210526315789, 2, 5, 0, 21, 4, 31, 18, 0),
('foxde01', 1077255, 0.5, 1, 5, 0, 1, 10, 38, 20, 0),
('huertke01', 1077255, 0.5555555555555556, 1, 2, 0, 3, 2, 23, 12, 0),
('murrake02', 1077255, 0.375, 1, 0, 3, 6, 4, 38, 11, 0),
('dortlu01', 1077786, 0.5555555555555556, 1, 0, 0, 2, 2, 23, 15, 0),
('gilgesh01', 1077786, 0.38461538461538464, 4, 4, 2, 7, 4, 29, 20, 0),
('holmgch01', 1077786, 0.42857142857142855, 0, 0, 1, 7, 1, 28, 15, 0),
('willija06', 1077786, 0.2222222222222222, 1, 1, 0, 2, 3, 26, 7, 0),
('giddejo01', 1077786, 0.6, 1, 3, 1, 5, 4, 28, 13, 0),
('jamesle01', 1077786, 0.5, 1, 3, 0, 11, 8, 30, 19, 1),
('davisan02', 1077786, 0.5833333333333334, 1, 2, 3, 12, 4, 30, 24, 1),
('russeda01', 1077786, 0.5294117647058824, 4, 3, 1, 6, 3, 33, 26, 1),
('hachiru01', 1077786, 0.375, 0, 2, 0, 1, 1, 21, 7, 1),
('reaveau01', 1077786, 0.75, 1, 5, 0, 6, 7, 29, 16, 1),
('minayju01', 1077942, 0.3333333333333333, 0, 0, 0, 1, 0, 9, 3, 0),
('brownmo01', 1077942, 1.0, 0, 1, 1, 3, 2, 8, 2, 0),
('haganas01', 1077942, 0.0, 3, 3, 0, 3, 4, 19, 0, 0),
('ruperra01', 1077942, 0.7142857142857143, 0, 1, 0, 6, 0, 23, 13, 0),
('anderky01', 1077942, 0.375, 1, 1, 1, 3, 5, 28, 9, 1),
('morrimo01', 1077942, 0.25, 1, 1, 0, 1, 7, 19, 5, 1),
('reidna01', 1077942, 0.8, 0, 1, 1, 5, 0, 22, 12, 1),
('edwaran01', 1077942, 0.4, 1, 2, 0, 4, 6, 34, 13, 1),
('powelno01', 1077736, 0.25, 2, 1, 1, 3, 3, 34, 6, 0),
('theisda01', 1077736, 0.5, 0, 0, 0, 6, 1, 15, 7, 0),
('coffeam01', 1077736, 0.3333333333333333, 1, 1, 0, 1, 1, 26, 4, 0),
('hylanbo01', 1077736, 0.5, 0, 1, 0, 1, 1, 10, 5, 0),
('gallida01', 1077736, 0.5, 0, 1, 0, 2, 3, 16, 4, 1),
('connapa01', 1077736, 0.6666666666666666, 0, 1, 0, 1, 0, 17, 8, 1),
('portibo01', 1077736, 0.6666666666666666, 0, 1, 0, 16, 2, 29, 28, 1),
('greenaj01', 1077736, 0.5, 0, 1, 0, 2, 3, 22, 6, 1),
('stevela01', 1077108, 0.5, 0, 0, 1, 6, 1, 24, 13, 1),
('hurtma01', 1077108, 0.2857142857142857, 1, 1, 0, 5, 0, 21, 5, 1),
('laravja01', 1077108, 0.3333333333333333, 2, 3, 0, 10, 3, 28, 14, 1),
('jacksgg01', 1077108, 0.2222222222222222, 0, 2, 1, 2, 1, 24, 7, 1),
('smithde03', 1077108, 0.4, 2, 1, 1, 1, 0, 17, 5, 0),
('walkelo01', 1077108, 0.5, 1, 0, 2, 1, 1, 13, 13, 0),
('wilsoja03', 1077108, 1.0, 0, 1, 0, 5, 1, 11, 5, 0),
('sharpda01', 1077108, 0.3333333333333333, 1, 1, 0, 3, 1, 13, 4, 0),
('holmeri01', 1078137, 0.0, 1, 0, 1, 2, 0, 9, 0, 0),
('shamela01', 1078137, 0.5, 0, 1, 0, 1, 0, 17, 2, 0),
('poolejo01', 1078137, 0.6111111111111112, 2, 3, 1, 1, 2, 28, 32, 0),
('kispeco01', 1078137, 0.2222222222222222, 0, 3, 0, 4, 1, 16, 5, 0),
('omorueu01', 1078137, 0, 0, 0, 0, 0, 1, 3, 0, 0),
('davisjo06', 1078137, 1.0, 0, 0, 0, 1, 1, 7, 3, 0),
('clarkjo01', 1078137, 0.5, 1, 1, 0, 10, 7, 36, 38, 1),
('dunnkr01', 1078137, 0.4, 2, 3, 1, 5, 4, 27, 4, 1),
('yurtsom01', 1078137, 0, 0, 1, 0, 6, 0, 7, 0, 1),
('juzanjo01', 1078137, 0.5, 0, 0, 0, 4, 1, 20, 10, 1),
('hortota01', 1078137, 0.4444444444444444, 0, 0, 0, 1, 3, 15, 9, 1),
('sensabr01', 1078137, 0.3333333333333333, 0, 1, 0, 2, 2, 20, 7, 1),
('drumman01', 1077255, 0.4, 0, 0, 0, 6, 0, 16, 4, 1),
('bitimon01', 1077255, 0.0, 0, 1, 1, 1, 1, 12, 1, 1),
('carteje01', 1077255, 0.0, 0, 0, 0, 1, 2, 11, 0, 1),
('phillju01', 1077255, 0.5, 0, 1, 0, 1, 0, 14, 6, 1),
('harriga01', 1077186, 0.75, 3, 1, 0, 0, 0, 21, 9, 1),
('cartewe01', 1077186, 0.7142857142857143, 1, 1, 0, 9, 1, 28, 12, 1),
('wagnefr01', 1077186, 0.36363636363636365, 1, 4, 0, 3, 2, 30, 8, 1),
('suggsja01', 1077186, 0.5, 1, 1, 0, 4, 3, 20, 4, 1),
('banchpa01', 1077186, 0.47368421052631576, 0, 5, 0, 5, 3, 33, 22, 1),
('micicva01', 1077186, 0.5333333333333333, 2, 4, 0, 5, 4, 28, 21, 0),
('bridgmi02', 1077186, 0.1875, 2, 3, 0, 3, 3, 35, 7, 0),
('richani01', 1077186, 0.5, 0, 2, 1, 4, 0, 27, 2, 0),
('manntr01', 1077186, 0.7777777777777778, 2, 2, 0, 6, 4, 34, 18, 0),
('millebr02', 1077186, 0.4666666666666667, 1, 4, 0, 5, 3, 37, 18, 0),
('mccolcj01', 1077971, 0.36363636363636365, 0, 1, 0, 4, 4, 22, 11, 1),
('valanjo01', 1077971, 0.5, 0, 2, 1, 10, 1, 20, 10, 1),
('ingrabr01', 1077971, 0.7142857142857143, 0, 2, 0, 3, 6, 25, 12, 1),
('willizi01', 1077971, 0.6363636363636364, 1, 1, 2, 8, 9, 25, 16, 1),
('joneshe01', 1077971, 0.6, 2, 1, 0, 2, 3, 25, 17, 1),
('olynyke01', 1077971, 0.4444444444444444, 2, 1, 2, 6, 7, 28, 15, 0),
('trentga02', 1077971, 0.5, 1, 1, 0, 3, 1, 29, 16, 0),
('barrerj01', 1077971, 0.5, 0, 3, 2, 6, 1, 31, 15, 0),
('quickim01', 1077971, 0.42857142857142855, 1, 1, 0, 7, 7, 33, 17, 0),
('agbajoc01', 1077971, 0.25, 0, 0, 0, 3, 0, 15, 3, 0),
('holidjr01', 1077034, 0.5555555555555556, 2, 4, 0, 4, 5, 36, 12, 0),
('porzikr01', 1077034, 0.5, 2, 1, 3, 9, 3, 32, 24, 0),
('tatumja01', 1077034, 0.4, 0, 2, 0, 13, 2, 37, 26, 0),
('brownja02', 1077034, 0.4, 0, 1, 0, 3, 4, 36, 21, 0),
('whitede01', 1077034, 0.2, 0, 2, 4, 6, 7, 35, 3, 0),
('garlada01', 1077034, 0.3, 2, 3, 0, 1, 11, 36, 16, 1),
('allenja01', 1077034, 0.5625, 0, 0, 1, 12, 2, 35, 21, 1),
('merrisa01', 1077034, 0.2857142857142857, 1, 0, 0, 4, 1, 30, 6, 1),
('mobleev01', 1077034, 0.25, 2, 2, 0, 6, 4, 22, 4, 1),
('okorois01', 1077034, 0.45454545454545453, 1, 0, 2, 4, 1, 31, 16, 1),
('bogdabo01', 1076951, 0.16666666666666666, 2, 3, 1, 1, 4, 30, 5, 1),
('capelca01', 1076951, 0.45454545454545453, 0, 1, 1, 9, 3, 25, 13, 1),
('murrade01', 1076951, 0.4117647058823529, 1, 1, 0, 9, 6, 36, 21, 1),
('johnsja05', 1076951, 0.7058823529411765, 1, 1, 0, 9, 7, 38, 26, 1),
('beysa01', 1076951, 0.4, 1, 1, 1, 9, 2, 35, 17, 1),
('hartjo01', 1076951, 0.4166666666666667, 1, 3, 2, 8, 6, 43, 14, 0),
('harteis01', 1076951, 0.3333333333333333, 1, 0, 2, 6, 2, 20, 5, 0),
('divindo01', 1076951, 0.2916666666666667, 2, 4, 0, 4, 6, 38, 21, 0),
('achiupr01', 1076951, 0.875, 1, 0, 1, 6, 2, 23, 15, 0),
('mcbrimi01', 1076951, 0.26666666666666666, 1, 1, 1, 2, 9, 45, 11, 0),
('stewais01', 1077517, 0.5555555555555556, 1, 0, 0, 6, 2, 36, 13, 0),
('cunnica01', 1077517, 0.4, 0, 3, 0, 4, 8, 33, 23, 0),
('durenja01', 1077517, 1.0, 0, 2, 0, 10, 3, 31, 14, 0),
('iveyja01', 1077517, 0.4, 1, 2, 1, 2, 4, 29, 16, 0),
('thompau01', 1077517, 0.42857142857142855, 0, 0, 2, 6, 2, 34, 9, 0),
('butleji01', 1077517, 0.5384615384615384, 2, 2, 0, 6, 8, 36, 26, 1),
('roziete01', 1077517, 0.4117647058823529, 0, 3, 0, 2, 7, 32, 17, 1),
('adebaba01', 1077517, 0.47058823529411764, 1, 1, 1, 7, 1, 35, 18, 1),
('robindu01', 1077517, 0.5454545454545454, 1, 0, 1, 3, 4, 36, 18, 1),
('jovicni01', 1077517, 0.6, 2, 0, 0, 4, 2, 21, 8, 1),
('lowryky01', 1077109, 0.5555555555555556, 1, 3, 0, 2, 5, 36, 14, 0),
('harrito02', 1077109, 0.5, 0, 2, 0, 9, 4, 37, 18, 0),
('hieldbu01', 1077109, 0.3333333333333333, 1, 0, 0, 3, 4, 27, 13, 0),
('payneca01', 1077109, 0.5, 1, 1, 0, 3, 1, 22, 15, 0),
('bambamo01', 1077109, 0.4, 0, 2, 1, 3, 0, 11, 4, 0),
('finnedo01', 1077109, 0.7272727272727273, 0, 1, 0, 8, 2, 31, 20, 1),
('schrode01', 1077109, 0.5833333333333334, 0, 5, 1, 2, 8, 34, 20, 1),
('bridgmi01', 1077109, 0.3333333333333333, 0, 1, 0, 6, 4, 38, 15, 1),
('johnsca02', 1077109, 0.5, 0, 0, 0, 1, 0, 8, 6, 1),
('claxtni01', 1077109, 0.75, 0, 2, 4, 10, 2, 32, 17, 1),
('jonestr01', 1077637, 0.2857142857142857, 0, 1, 0, 4, 5, 20, 4, 0),
('vassede01', 1077637, 0.47368421052631576, 0, 3, 1, 8, 3, 39, 22, 0),
('champju02', 1077637, 0.0, 0, 1, 0, 2, 0, 10, 0, 0),
('wembavi01', 1077637, 0.4, 0, 6, 7, 11, 3, 30, 10, 0),
('sochaje01', 1077637, 0.35714285714285715, 0, 2, 0, 8, 3, 33, 15, 0),
('vanvlfr01', 1077637, 0.5333333333333333, 4, 1, 0, 4, 10, 37, 21, 1),
('brookdi01', 1077637, 0.0, 2, 0, 0, 3, 2, 36, 0, 1),
('greenja05', 1077637, 0.4782608695652174, 1, 0, 0, 2, 3, 38, 23, 1),
('sengual01', 1077637, 0.59375, 5, 2, 1, 16, 3, 36, 45, 1),
('smithja05', 1077637, 0.16666666666666666, 0, 0, 1, 3, 1, 25, 2, 1),
('turnemy01', 1077390, 0.5, 0, 0, 0, 4, 2, 27, 20, 1),
('siakapa01', 1077390, 0.45454545454545453, 0, 1, 1, 13, 6, 31, 13, 1),
('nembhan01', 1077390, 1.0, 1, 1, 0, 3, 5, 24, 10, 1),
('nesmiaa01', 1077390, 0.3333333333333333, 0, 0, 0, 1, 2, 22, 6, 1),
('halibty01', 1077390, 0.5333333333333333, 0, 2, 1, 6, 11, 31, 19, 1),
('irvinky01', 1077390, 0.42105263157894735, 0, 0, 0, 7, 3, 36, 23, 0),
('doncilu01', 1077390, 0.5, 0, 5, 0, 10, 11, 42, 39, 0),
('washipj01', 1077390, 0.5833333333333334, 1, 0, 1, 7, 3, 37, 20, 0),
('greenjo02', 1077390, 0.42857142857142855, 1, 2, 1, 2, 0, 25, 6, 0),
('livelde01', 1077390, 0.0, 0, 1, 0, 1, 0, 15, 0, 0),
('duranke01', 1077456, 0.4117647058823529, 0, 2, 2, 8, 5, 43, 35, 1),
('bealbr01', 1077456, 0.3333333333333333, 2, 2, 0, 6, 6, 36, 16, 1),
('onealro01', 1077456, 0.3333333333333333, 0, 1, 0, 5, 6, 39, 8, 1),
('nurkiju01', 1077456, 0.75, 2, 3, 2, 12, 6, 29, 7, 1),
('allengr01', 1077456, 0.6, 3, 0, 0, 5, 4, 40, 28, 1),
('caldwke01', 1077456, 0.6666666666666666, 2, 1, 2, 5, 3, 38, 11, 0),
('gordoaa01', 1077456, 0.3, 0, 1, 0, 3, 3, 34, 7, 0),
('jokicni01', 1077456, 0.4444444444444444, 0, 7, 0, 16, 5, 44, 25, 0),
('murraja01', 1077456, 0.48, 1, 3, 0, 7, 9, 42, 28, 0),
('portemi01', 1077456, 0.4444444444444444, 1, 2, 0, 7, 0, 39, 20, 0),
('inglejo01', 1077186, 0.0, 0, 0, 0, 2, 8, 17, 0, 1),
('wagnemo01', 1077186, 0.625, 0, 2, 0, 4, 2, 18, 11, 1),
('isaacjo01', 1077186, 1.0, 1, 0, 1, 6, 0, 17, 11, 1),
('anthoco01', 1077186, 0.45454545454545453, 2, 2, 0, 3, 3, 22, 14, 1),
('blackan01', 1077186, 0.6, 0, 1, 0, 5, 1, 27, 10, 1),
('bertada01', 1077186, 0.45454545454545453, 0, 0, 0, 6, 1, 25, 14, 0),
('willigr01', 1077186, 0.5, 0, 3, 0, 2, 3, 32, 9, 0),
('mcgowbr01', 1077186, 0, 0, 1, 0, 0, 1, 17, 0, 0),
('zelleco01', 1077971, 0.5, 0, 0, 1, 6, 1, 4, 5, 1),
('nancela02', 1077971, 0.6, 1, 1, 1, 6, 2, 15, 6, 1),
('bitadgo01', 1078052, 0.6666666666666666, 1, 3, 1, 8, 2, 24, 6, 1),
('wagnefr01', 1078052, 0.6, 0, 1, 2, 5, 2, 38, 28, 1),
('suggsja01', 1078052, 0.5, 1, 2, 0, 6, 4, 31, 19, 1),
('banchpa01', 1078052, 0.5, 1, 4, 1, 6, 10, 38, 25, 1),
('blackan01', 1078052, 0.6, 1, 0, 0, 1, 2, 21, 8, 1),
('jonesty01', 1078052, 0.375, 0, 2, 1, 3, 6, 27, 7, 0),
('kuzmaky01', 1078052, 0.5263157894736842, 1, 1, 1, 5, 4, 31, 25, 0),
('kispeco01', 1078052, 0.3333333333333333, 1, 2, 0, 1, 2, 19, 8, 0),
('avdijde01', 1078052, 0.46153846153846156, 2, 0, 0, 7, 3, 35, 14, 0),
('coulibi01', 1078052, 0.2857142857142857, 1, 0, 1, 4, 1, 28, 7, 0),
('niangge01', 1076952, 0.625, 3, 2, 0, 3, 4, 25, 13, 0),
('garlada01', 1076952, 0.35714285714285715, 0, 2, 0, 1, 7, 32, 15, 0),
('wadede01', 1076952, 0.375, 0, 0, 0, 4, 0, 30, 9, 0),
('allenja01', 1076952, 0.6363636363636364, 0, 3, 1, 19, 3, 37, 18, 0),
('okorois01', 1076952, 0.5384615384615384, 1, 1, 1, 2, 2, 35, 17, 0),
('bogdabo01', 1076952, 0.5333333333333333, 1, 2, 0, 2, 6, 33, 23, 1),
('capelca01', 1076952, 0.6666666666666666, 0, 0, 0, 9, 3, 22, 8, 1),
('murrade01', 1076952, 0.3333333333333333, 2, 3, 0, 2, 9, 38, 18, 1),
('johnsja05', 1076952, 0.6, 0, 1, 1, 4, 4, 19, 7, 1),
('beysa01', 1076952, 0.5714285714285714, 1, 2, 1, 8, 0, 40, 23, 1),
('kennalu01', 1077831, 0.5, 0, 1, 0, 2, 2, 27, 15, 1),
('konchjo01', 1077831, 0.3333333333333333, 0, 2, 2, 4, 1, 27, 3, 1),
('jacksja02', 1077831, 0.4, 0, 3, 6, 11, 1, 37, 30, 1),
('aldamsa01', 1077831, 0.46153846153846156, 1, 1, 3, 4, 7, 35, 17, 1),
('willivi01', 1077831, 0.6666666666666666, 2, 3, 1, 7, 9, 36, 17, 1),
('batumni01', 1077831, 0.5, 1, 1, 1, 6, 1, 29, 10, 0),
('harrito02', 1077831, 0.25, 0, 1, 1, 6, 3, 34, 8, 0),
('hieldbu01', 1077831, 0.35294117647058826, 3, 1, 1, 5, 3, 30, 15, 0),
('payneca01', 1077831, 0.35294117647058826, 1, 0, 0, 5, 4, 28, 16, 0),
('reedpa01', 1077831, 0.47058823529411764, 1, 1, 3, 11, 3, 24, 17, 0),
('hardeja01', 1077638, 0.46153846153846156, 1, 2, 1, 5, 7, 39, 21, 1),
('leonaka01', 1077638, 0.6111111111111112, 2, 0, 0, 6, 7, 39, 28, 1),
('georgpa01', 1077638, 0.4666666666666667, 1, 2, 1, 7, 2, 38, 21, 1),
('zubaciv01', 1077638, 0.25, 0, 1, 2, 5, 1, 14, 3, 1),
('mannte01', 1077638, 1.0, 0, 0, 0, 2, 0, 27, 15, 1),
('vanvlfr01', 1077638, 0.35714285714285715, 2, 0, 0, 4, 8, 39, 15, 0),
('brookdi01', 1077638, 0.5, 0, 0, 0, 2, 3, 37, 11, 0),
('greenja05', 1077638, 0.42857142857142855, 1, 3, 0, 3, 2, 31, 15, 0),
('sengual01', 1077638, 0.5263157894736842, 2, 3, 0, 19, 14, 42, 23, 0),
('smithja05', 1077638, 0.5454545454545454, 0, 0, 2, 2, 1, 28, 19, 0),
('derozde01', 1077256, 0.47619047619047616, 1, 2, 0, 6, 7, 38, 29, 1),
('vucevni01', 1077256, 0.6111111111111112, 0, 1, 0, 12, 2, 30, 23, 1),
('carusal01', 1077256, 0.4444444444444444, 4, 0, 3, 3, 4, 34, 11, 1),
('dosunay01', 1077256, 0.18181818181818182, 1, 2, 0, 2, 9, 36, 8, 1),
('whiteco01', 1077256, 0.6, 0, 1, 1, 6, 6, 41, 25, 1),
('dunnkr01', 1077256, 0.8333333333333334, 1, 1, 0, 2, 5, 29, 11, 0),
('collijo01', 1077256, 0.55, 1, 0, 2, 13, 0, 32, 25, 0),
('samanlu01', 1077256, 0.3333333333333333, 0, 2, 0, 3, 1, 19, 7, 0),
('sextoco01', 1077256, 0.4117647058823529, 0, 2, 0, 4, 7, 34, 24, 0),
('sensabr01', 1077256, 0.625, 0, 1, 0, 12, 1, 29, 15, 0),
('lopezbr01', 1077576, 0.36363636363636365, 1, 0, 0, 4, 0, 27, 9, 0),
('lillada01', 1077576, 0.4375, 1, 2, 1, 1, 6, 33, 20, 0),
('crowdja01', 1077576, 0.3333333333333333, 1, 0, 0, 6, 1, 17, 4, 0),
('antetgi01', 1077576, 0.5333333333333333, 0, 2, 1, 7, 6, 32, 23, 0),
('beaslma01', 1077576, 0.2, 1, 1, 1, 3, 1, 32, 4, 0),
('curryst01', 1077576, 0.5555555555555556, 0, 2, 0, 8, 5, 30, 29, 1),
('greendr01', 1077576, 0.45454545454545453, 0, 3, 2, 6, 6, 25, 12, 1),
('wiggian01', 1077576, 0.2, 1, 1, 0, 2, 2, 13, 3, 1),
('kuminjo01', 1077576, 0.6428571428571429, 2, 2, 3, 4, 2, 25, 20, 1),
('podzibr01', 1077576, 0.42857142857142855, 0, 1, 1, 7, 3, 26, 8, 1),
('barneha02', 1077787, 0.7142857142857143, 0, 2, 1, 0, 0, 15, 11, 1),
('sabondo01', 1077787, 0.5384615384615384, 2, 3, 0, 20, 12, 38, 16, 1),
('foxde01', 1077787, 0.59375, 2, 3, 0, 4, 4, 39, 44, 1),
('huertke01', 1077787, 0.3333333333333333, 1, 0, 0, 1, 3, 11, 2, 1),
('murrake02', 1077787, 0.375, 0, 0, 1, 3, 3, 31, 7, 1),
('jamesle01', 1077787, 0.625, 1, 3, 0, 5, 13, 36, 31, 0),
('davisan02', 1077787, 0.38461538461538464, 0, 2, 1, 11, 3, 34, 14, 0),
('russeda01', 1077787, 0.3, 1, 3, 0, 1, 3, 35, 10, 0),
('hachiru01', 1077787, 0.7647058823529411, 2, 0, 1, 2, 0, 32, 29, 0),
('reaveau01', 1077787, 0.4, 0, 2, 0, 4, 4, 35, 18, 0),
('dortlu01', 1078031, 0.4, 1, 1, 0, 1, 1, 29, 6, 1),
('gilgesh01', 1078031, 0.5652173913043478, 1, 4, 1, 3, 5, 35, 37, 1),
('holmgch01', 1078031, 0.6666666666666666, 0, 1, 1, 14, 5, 33, 21, 1),
('willija06', 1078031, 0.5294117647058824, 3, 2, 1, 4, 3, 32, 31, 1),
('giddejo01', 1078031, 0.8888888888888888, 1, 5, 0, 6, 7, 32, 19, 1),
('grantje01', 1078031, 0.5454545454545454, 2, 6, 1, 2, 4, 40, 20, 0),
('reathdu01', 1078031, 0.4166666666666667, 1, 1, 0, 5, 1, 30, 16, 0),
('simonan01', 1078031, 0.5263157894736842, 1, 4, 0, 3, 5, 39, 29, 0),
('bantoda01', 1078031, 0.38461538461538464, 0, 1, 1, 5, 5, 29, 13, 0),
('murrakr01', 1078031, 0.8, 1, 1, 0, 3, 1, 23, 12, 0),
('inglejo01', 1078052, 0, 0, 1, 0, 1, 0, 13, 0, 1),
('wagnemo01', 1078052, 0.8571428571428571, 0, 2, 0, 6, 0, 21, 16, 1),
('fultzma01', 1078052, 0.375, 0, 0, 0, 2, 1, 19, 6, 1),
('anthoco01', 1078052, 0.4166666666666667, 0, 2, 1, 7, 0, 24, 11, 1),
('houstca01', 1078052, 0, 0, 0, 0, 0, 0, 4, 0, 1),
('holmeri01', 1078052, 0.8333333333333334, 2, 0, 0, 5, 2, 25, 12, 0),
('shamela01', 1078052, 0.5, 0, 1, 1, 1, 2, 15, 2, 0),
('poolejo01', 1078052, 0.47368421052631576, 0, 3, 0, 4, 5, 32, 26, 0),
('omorueu01', 1078052, 0.0, 0, 0, 0, 3, 0, 6, 0, 0),
('davisjo06', 1078052, 0.2857142857142857, 0, 0, 0, 2, 1, 18, 8, 0),
('leverca01', 1076952, 0.29411764705882354, 0, 4, 1, 4, 7, 35, 13, 0),
('jonesda03', 1076952, 1.0, 0, 0, 1, 2, 0, 10, 2, 0),
('merrisa01', 1076952, 0.0, 0, 0, 0, 3, 2, 18, 1, 0),
('portecr01', 1076952, 0.75, 1, 1, 0, 4, 2, 14, 13, 0),
('forretr01', 1076952, 0.75, 0, 0, 0, 3, 1, 13, 6, 1),
('huntede01', 1076952, 0.5, 1, 1, 0, 3, 2, 25, 17, 1),
('mathega01', 1076952, 1.0, 0, 0, 0, 1, 0, 17, 3, 1),
('fernabr01', 1076952, 0.5, 2, 0, 1, 10, 2, 25, 7, 1),
('krejcvi01', 1076952, 0, 0, 0, 0, 0, 0, 3, 0, 1),
('stevela01', 1077831, 0.75, 0, 2, 0, 6, 0, 15, 8, 1),
('finnedo01', 1077110, 0.5555555555555556, 3, 1, 1, 3, 0, 36, 13, 0),
('schrode01', 1077110, 0.7058823529411765, 0, 3, 0, 1, 8, 38, 31, 0),
('bridgmi01', 1077110, 0.36363636363636365, 1, 3, 0, 1, 7, 43, 13, 0),
('smithde03', 1077110, 0.3, 4, 1, 0, 2, 3, 23, 9, 0),
('claxtni01', 1077110, 0.625, 1, 1, 3, 10, 2, 34, 15, 0),
('stewais01', 1077110, 0.75, 0, 4, 0, 10, 0, 31, 8, 1),
('cunnica01', 1077110, 0.45454545454545453, 0, 5, 1, 5, 11, 38, 32, 1),
('durenja01', 1077110, 0.75, 2, 3, 0, 14, 4, 29, 12, 1),
('iveyja01', 1077110, 0.5882352941176471, 2, 4, 0, 3, 2, 38, 34, 1),
('thompau01', 1077110, 0.5, 1, 3, 1, 7, 3, 43, 14, 1),
('conlemi01', 1077690, 0.2222222222222222, 2, 2, 0, 5, 4, 30, 5, 1),
('anderky01', 1077690, 0.2, 0, 1, 0, 3, 4, 27, 3, 1),
('goberru01', 1077690, 0.6363636363636364, 2, 2, 3, 14, 0, 39, 18, 1),
('edwaran01', 1077690, 0.5142857142857142, 2, 0, 2, 6, 3, 38, 44, 1),
('mcdanja02', 1077690, 0.5714285714285714, 0, 0, 0, 8, 6, 27, 11, 1),
('turnemy01', 1077690, 0.5, 0, 2, 4, 7, 1, 20, 12, 0),
('siakapa01', 1077690, 0.5, 0, 2, 0, 4, 2, 33, 24, 0),
('nembhan01', 1077690, 0.6, 1, 3, 0, 6, 3, 30, 7, 0),
('nesmiaa01', 1077690, 0.2, 0, 0, 2, 4, 1, 30, 8, 0),
('halibty01', 1077690, 0.6, 1, 5, 0, 3, 13, 37, 23, 0),
('butleji01', 1077391, 0.5, 2, 6, 0, 4, 5, 37, 14, 0),
('roziete01', 1077391, 0.5882352941176471, 1, 0, 0, 6, 11, 39, 27, 0),
('adebaba01', 1077391, 0.35714285714285715, 3, 1, 0, 9, 5, 37, 14, 0),
('robindu01', 1077391, 0.7, 0, 1, 0, 4, 2, 30, 19, 0),
('jovicni01', 1077391, 0.3333333333333333, 0, 2, 0, 2, 1, 15, 4, 0),
('irvinky01', 1077391, 0.47368421052631576, 1, 2, 1, 4, 4, 36, 23, 1),
('doncilu01', 1077391, 0.5, 1, 4, 0, 11, 11, 39, 35, 1),
('jonesde02', 1077391, 0.0, 0, 1, 0, 2, 1, 11, 1, 1),
('washipj01', 1077391, 0.3333333333333333, 1, 1, 1, 8, 1, 29, 10, 1),
('gaffoda01', 1077391, 1.0, 1, 0, 1, 7, 0, 21, 12, 1),
('olynyke01', 1078093, 0.3333333333333333, 2, 1, 0, 4, 2, 27, 8, 0),
('trentga02', 1078093, 0.5, 0, 0, 0, 3, 0, 35, 30, 0),
('barrerj01', 1078093, 0.5625, 1, 1, 1, 2, 4, 37, 23, 0),
('quickim01', 1078093, 0.5294117647058824, 1, 2, 0, 9, 18, 39, 21, 0),
('agbajoc01', 1078093, 0.16666666666666666, 1, 2, 0, 4, 1, 23, 3, 0),
('duranke01', 1078093, 0.5789473684210527, 1, 4, 0, 3, 1, 34, 35, 1),
('bealbr01', 1078093, 0.5, 1, 2, 1, 2, 8, 33, 20, 1),
('onealro01', 1078093, 0.5, 1, 0, 1, 8, 6, 31, 10, 1),
('nurkiju01', 1078093, 0.6, 0, 7, 2, 14, 5, 26, 7, 1),
('allengr01', 1078093, 0.5714285714285714, 0, 0, 1, 3, 3, 38, 26, 1),
('derozde01', 1077257, 0.5882352941176471, 0, 1, 1, 8, 4, 39, 33, 1),
('vucevni01', 1077257, 0.6086956521739131, 0, 4, 0, 11, 5, 35, 33, 1),
('carusal01', 1077257, 0.5, 0, 2, 1, 5, 2, 22, 5, 1),
('dosunay01', 1077257, 0.5, 0, 2, 2, 3, 6, 37, 14, 1),
('whiteco01', 1077257, 0.4375, 3, 2, 0, 4, 7, 36, 20, 1),
('curryst01', 1077257, 0.2777777777777778, 0, 2, 0, 3, 1, 28, 15, 0),
('greendr01', 1077257, 0.4166666666666667, 1, 4, 2, 10, 12, 32, 11, 0),
('wiggian01', 1077257, 0.5, 1, 0, 0, 1, 2, 15, 8, 0),
('kuminjo01', 1077257, 0.45454545454545453, 1, 1, 0, 10, 2, 32, 19, 0),
('podzibr01', 1077257, 0.5714285714285714, 1, 0, 0, 4, 4, 26, 11, 0),
('colliza01', 1078119, 0.47058823529411764, 0, 1, 0, 7, 4, 30, 22, 0),
('jonestr01', 1078119, 1.0, 0, 2, 0, 5, 12, 23, 2, 0),
('vassede01', 1078119, 0.6111111111111112, 2, 2, 1, 5, 9, 38, 30, 0),
('champju02', 1078119, 0.0, 0, 0, 0, 1, 1, 16, 4, 0),
('sochaje01', 1078119, 0.3, 1, 2, 2, 8, 2, 35, 9, 0),
('barneha02', 1078119, 0.6666666666666666, 0, 0, 0, 1, 2, 30, 17, 1),
('sabondo01', 1078119, 0.7368421052631579, 1, 4, 1, 17, 9, 37, 31, 1),
('foxde01', 1078119, 0.4375, 3, 1, 0, 5, 5, 35, 33, 1),
('huertke01', 1078119, 0.0, 1, 1, 1, 2, 2, 16, 0, 1),
('murrake02', 1078119, 0.25, 0, 0, 0, 3, 0, 30, 3, 1),
('holidjr01', 1077035, 0.5, 0, 1, 0, 4, 2, 34, 12, 0),
('porzikr01', 1077035, 0.391304347826087, 1, 3, 1, 12, 2, 35, 24, 0),
('tatumja01', 1077035, 0.38461538461538464, 2, 5, 0, 4, 8, 38, 15, 0),
('brownja02', 1077035, 0.5517241379310345, 2, 2, 0, 14, 4, 41, 41, 0),
('whitede01', 1077035, 0.375, 1, 1, 1, 5, 6, 36, 7, 0),
('caldwke01', 1077035, 0.5714285714285714, 3, 2, 0, 3, 1, 33, 11, 1),
('gordoaa01', 1077035, 0.5333333333333333, 1, 0, 0, 9, 1, 34, 16, 1),
('jokicni01', 1077035, 0.5789473684210527, 2, 0, 0, 12, 11, 38, 32, 1),
('murraja01', 1077035, 0.3888888888888889, 2, 5, 0, 6, 8, 37, 19, 1),
('portemi01', 1077035, 0.4444444444444444, 0, 0, 0, 2, 1, 30, 9, 1),
('bateske01', 1077110, 0.3333333333333333, 1, 0, 0, 2, 1, 4, 2, 0),
('walkelo01', 1077110, 0.4444444444444444, 0, 2, 0, 4, 1, 29, 21, 0),
('watfotr01', 1077110, 0.5, 0, 2, 0, 2, 0, 11, 6, 0),
('wilsoja03', 1077110, 0.25, 0, 1, 0, 1, 0, 9, 2, 0),
('clownno01', 1077110, 0, 2, 0, 0, 2, 2, 9, 0, 0),
('fournev01', 1077110, 0.5, 1, 1, 0, 2, 1, 12, 2, 1),
('fontesi01', 1077110, 0.2857142857142857, 0, 1, 1, 6, 1, 23, 4, 1),
('flynnma01', 1077110, 0, 0, 0, 0, 0, 0, 4, 0, 1),
('wisemja01', 1077110, 0.6666666666666666, 1, 1, 1, 3, 0, 12, 10, 1),
('sassema01', 1077110, 0.25, 0, 0, 0, 0, 2, 5, 2, 1),
('warretj01', 1077690, 0.6, 0, 0, 0, 1, 0, 16, 7, 1),
('morrimo01', 1077690, 1.0, 0, 0, 0, 1, 2, 5, 2, 1),
('reidna01', 1077690, 0.4, 1, 2, 1, 8, 2, 26, 13, 1),
('alexani01', 1077690, 0.4, 2, 2, 0, 2, 2, 27, 10, 1),
('mccontj01', 1077690, 0.42857142857142855, 2, 2, 0, 1, 1, 11, 6, 0),
('smithja04', 1077690, 1.0, 0, 0, 1, 2, 4, 20, 14, 0),
('toppiob01', 1077690, 0.3333333333333333, 0, 1, 2, 3, 0, 14, 2, 0),
('jacksis01', 1077690, 1.0, 0, 0, 1, 0, 0, 6, 4, 0),
('walkeja02', 1077690, 0.5, 1, 0, 0, 5, 1, 15, 5, 0),
('sheppbe01', 1077690, 0.5, 0, 0, 0, 4, 0, 18, 6, 0),
('bryanth01', 1077391, 0.3333333333333333, 0, 0, 1, 1, 1, 10, 2, 0),
('martica02', 1077391, 0.4444444444444444, 0, 0, 1, 3, 2, 32, 13, 0),
('highsha01', 1077391, 0.25, 0, 0, 0, 2, 1, 8, 2, 0),
('jaqueja01', 1077391, 0.5714285714285714, 1, 0, 0, 6, 2, 27, 13, 0),
('hardati02', 1077391, 0.2727272727272727, 0, 0, 0, 1, 1, 20, 11, 1),
('klebima01', 1077391, 0.3333333333333333, 0, 0, 2, 4, 1, 22, 3, 1),
('exumda01', 1077391, 0.6, 0, 1, 0, 4, 5, 17, 13, 1),
('greenjo02', 1077391, 0.3333333333333333, 1, 0, 1, 2, 2, 18, 2, 1),
('livelde01', 1077391, 0.6666666666666666, 0, 0, 0, 2, 1, 23, 4, 1),
('nworajo01', 1078093, 0.0, 0, 0, 0, 0, 1, 3, 0, 0),
('micicva01', 1077187, 0.42857142857142855, 0, 3, 0, 3, 3, 32, 14, 0),
('bridgmi02', 1077187, 0.48148148148148145, 0, 0, 1, 12, 4, 40, 32, 0),
('richani01', 1077187, 0.8333333333333334, 2, 2, 1, 13, 0, 30, 10, 0),
('willigr01', 1077187, 0.2, 1, 0, 1, 4, 5, 37, 5, 0),
('millebr02', 1077187, 0.42105263157894735, 0, 1, 1, 6, 0, 30, 21, 0),
('jonesty01', 1077187, 0.42857142857142855, 0, 1, 1, 4, 4, 21, 7, 1),
('holmeri01', 1077187, 1.0, 1, 0, 1, 11, 1, 36, 14, 1),
('kuzmaky01', 1077187, 0.4782608695652174, 1, 2, 2, 8, 9, 39, 28, 1),
('avdijde01', 1077187, 0.5714285714285714, 0, 1, 2, 14, 2, 35, 18, 1),
('coulibi01', 1077187, 0.5714285714285714, 1, 2, 1, 4, 0, 27, 11, 1),
('mccolcj01', 1077972, 0.35714285714285715, 0, 3, 0, 4, 1, 27, 10, 1),
('valanjo01', 1077972, 0.2857142857142857, 1, 1, 1, 10, 2, 19, 6, 1),
('ingrabr01', 1077972, 0.6, 0, 4, 2, 7, 5, 34, 17, 1),
('willizi01', 1077972, 0.5, 2, 1, 3, 12, 4, 34, 23, 1),
('joneshe01', 1077972, 0.25, 0, 1, 1, 3, 3, 30, 4, 1),
('lowryky01', 1077972, 0.2, 1, 1, 0, 3, 7, 31, 6, 0),
('harrito02', 1077972, 0.47368421052631576, 3, 0, 1, 10, 3, 38, 21, 0),
('hieldbu01', 1077972, 0.2, 2, 2, 1, 2, 2, 24, 8, 0),
('oubreke01', 1077972, 0.3888888888888889, 0, 1, 0, 7, 2, 34, 20, 0),
('bambamo01', 1077972, 0.5, 0, 1, 2, 6, 0, 18, 2, 0),
('harriga01', 1078001, 0.4, 0, 1, 0, 1, 1, 24, 5, 0),
('cartewe01', 1078001, 0.25, 0, 3, 2, 9, 2, 24, 7, 0),
('wagnefr01', 1078001, 0.3, 1, 0, 0, 4, 0, 34, 13, 0),
('banchpa01', 1078001, 0.45, 2, 4, 4, 9, 2, 36, 23, 0),
('blackan01', 1078001, 0.0, 0, 1, 0, 2, 0, 22, 0, 0),
('hartjo01', 1078001, 0.6666666666666666, 0, 2, 0, 7, 4, 42, 19, 1),
('brunsja01', 1078001, 0.5789473684210527, 0, 1, 0, 3, 2, 28, 26, 1),
('harteis01', 1078001, 0.6666666666666666, 1, 2, 3, 6, 2, 20, 5, 1),
('divindo01', 1078001, 0.23076923076923078, 2, 5, 1, 4, 6, 41, 11, 1),
('achiupr01', 1078001, 0.375, 2, 3, 5, 14, 4, 39, 15, 1),
('bogdabo01', 1076953, 0.42857142857142855, 1, 4, 2, 6, 3, 34, 16, 1),
('capelca01', 1076953, 0.38461538461538464, 1, 1, 1, 11, 3, 26, 15, 1),
('murrade01', 1076953, 0.68, 2, 2, 0, 7, 6, 40, 41, 1),
('krejcvi01', 1076953, 0.2, 2, 0, 1, 1, 5, 22, 3, 1),
('beysa01', 1076953, 0.08333333333333333, 1, 3, 1, 9, 2, 37, 3, 1),
('konchjo01', 1076953, 0.5, 0, 2, 1, 5, 3, 28, 5, 0),
('goodwjo01', 1076953, 0.25, 0, 0, 1, 0, 4, 23, 5, 0),
('jacksja02', 1076953, 0.42105263157894735, 2, 2, 2, 9, 3, 35, 21, 0),
('aldamsa01', 1076953, 0.7142857142857143, 2, 1, 3, 5, 0, 31, 13, 0),
('willivi01', 1076953, 0.5, 0, 6, 1, 5, 6, 36, 14, 0),
('conlemi01', 1077321, 0.36363636363636365, 0, 1, 0, 3, 5, 32, 9, 0),
('anderky01', 1077321, 0.5555555555555556, 1, 1, 0, 3, 5, 35, 10, 0),
('goberru01', 1077321, 0.42857142857142855, 1, 2, 2, 17, 2, 36, 7, 0),
('edwaran01', 1077321, 0.25925925925925924, 1, 5, 1, 5, 3, 42, 19, 0),
('mcdanja02', 1077321, 0.45454545454545453, 0, 1, 0, 5, 2, 39, 13, 0),
('niangge01', 1077321, 0.6, 1, 1, 2, 6, 4, 35, 16, 1),
('garlada01', 1077321, 0.5, 0, 6, 0, 4, 8, 44, 34, 1),
('wadede01', 1077321, 0.0, 0, 0, 1, 4, 2, 32, 0, 1),
('allenja01', 1077321, 0.47368421052631576, 2, 1, 2, 18, 3, 46, 33, 1),
('okorois01', 1077321, 0.6, 1, 0, 2, 6, 2, 42, 9, 1),
('butleji01', 1077869, 0.5, 0, 1, 0, 10, 8, 36, 20, 0),
('roziete01', 1077869, 0.42857142857142855, 1, 1, 0, 5, 4, 32, 14, 0),
('adebaba01', 1077869, 0.1111111111111111, 1, 4, 2, 10, 4, 30, 5, 0),
('robindu01', 1077869, 0.375, 1, 1, 0, 2, 1, 28, 9, 0),
('jovicni01', 1077869, 0.4, 0, 1, 2, 8, 3, 29, 7, 0),
('dortlu01', 1077869, 0.4444444444444444, 1, 1, 1, 7, 2, 33, 9, 1),
('gilgesh01', 1077869, 0.52, 1, 1, 2, 5, 6, 35, 37, 1),
('holmgch01', 1077869, 0.3333333333333333, 0, 0, 0, 3, 3, 29, 7, 1),
('willija06', 1077869, 0.5, 1, 3, 1, 5, 4, 30, 15, 1),
('giddejo01', 1077869, 0.5555555555555556, 0, 1, 0, 9, 6, 23, 11, 1),
('vanvlfr01', 1077639, 0.38461538461538464, 1, 0, 0, 1, 10, 34, 18, 1),
('brookdi01', 1077639, 0.2, 1, 0, 0, 3, 1, 21, 4, 1),
('greenja05', 1077639, 0.5789473684210527, 2, 2, 0, 3, 5, 34, 27, 1),
('sengual01', 1077639, 0.4666666666666667, 1, 1, 1, 9, 6, 31, 19, 1),
('smithja05', 1077639, 0.45454545454545453, 2, 2, 2, 9, 4, 39, 15, 1),
('reathdu01', 1077639, 0.46153846153846156, 0, 1, 1, 6, 3, 32, 16, 0),
('simonan01', 1077639, 0.5, 3, 6, 0, 3, 3, 33, 23, 0),
('camarto01', 1077639, 0.5, 1, 1, 0, 7, 0, 30, 9, 0),
('bantoda01', 1077639, 0.37037037037037035, 1, 2, 1, 8, 5, 38, 30, 0),
('murrakr01', 1077639, 0.4166666666666667, 0, 2, 1, 11, 7, 33, 12, 0),
('lopezbr01', 1077788, 0.6666666666666666, 0, 0, 1, 3, 1, 31, 11, 0),
('lillada01', 1077788, 0.43478260869565216, 0, 1, 0, 5, 12, 38, 28, 0),
('crowdja01', 1077788, 0.2, 1, 0, 0, 3, 0, 21, 4, 0),
('antetgi01', 1077788, 0.6086956521739131, 1, 4, 1, 14, 12, 38, 34, 0),
('beaslma01', 1077788, 0.4166666666666667, 1, 1, 0, 4, 2, 34, 14, 0),
('davisan02', 1077788, 0.47619047619047616, 0, 0, 3, 13, 5, 41, 22, 1),
('dinwisp01', 1077788, 0.3333333333333333, 1, 0, 2, 2, 3, 33, 5, 1),
('russeda01', 1077788, 0.68, 0, 2, 1, 6, 9, 38, 44, 1),
('hachiru01', 1077788, 0.3125, 0, 0, 0, 5, 2, 38, 12, 1),
('reaveau01', 1077788, 0.5833333333333334, 1, 2, 0, 5, 7, 36, 18, 1),
('bertada01', 1077187, 0.2857142857142857, 2, 0, 0, 6, 3, 31, 11, 0),
('thorjt01', 1077187, 1.0, 0, 1, 1, 2, 1, 11, 6, 0),
('mcgowbr01', 1077187, 0.0, 1, 0, 0, 1, 0, 10, 1, 0),
('smithni01', 1077187, 0.0, 0, 0, 0, 1, 2, 16, 0, 0),
('gillan01', 1077187, 1.0, 0, 0, 0, 0, 0, 2, 2, 1),
('poolejo01', 1077187, 0.35294117647058826, 2, 4, 3, 5, 7, 34, 15, 1),
('kispeco01', 1077187, 0.42857142857142855, 0, 0, 0, 4, 2, 30, 13, 1),
('omorueu01', 1077187, 0.4, 0, 0, 0, 2, 0, 6, 4, 1),
('davisjo06', 1077187, 0.0, 0, 1, 1, 2, 0, 7, 0, 1),
('nancela02', 1077972, 0.2857142857142857, 1, 0, 1, 4, 1, 26, 7, 1),
('alvarjo01', 1077972, 0.2857142857142857, 1, 0, 0, 1, 2, 20, 7, 1),
('marshna01', 1077972, 0.875, 1, 2, 1, 4, 1, 17, 19, 1),
('murphtr02', 1077972, 0.375, 1, 0, 1, 3, 3, 27, 10, 1),
('payneca01', 1077972, 0.5555555555555556, 1, 2, 0, 1, 4, 22, 13, 0),
('dowtije01', 1077972, 0.6666666666666666, 0, 2, 0, 0, 1, 19, 6, 0),
('reedpa01', 1077972, 0.4375, 1, 0, 3, 11, 2, 27, 17, 0),
('martike04', 1077972, 0.0, 0, 1, 0, 2, 0, 16, 0, 0),
('councri01', 1077972, 0.3333333333333333, 0, 0, 0, 0, 0, 6, 2, 0),
('inglejo01', 1078001, 0, 2, 0, 0, 1, 1, 17, 1, 0),
('wagnemo01', 1078001, 0.5, 0, 1, 0, 1, 1, 12, 4, 0),
('derozde01', 1077258, 0.42105263157894735, 0, 2, 0, 8, 10, 42, 24, 0),
('vucevni01', 1077258, 0.4090909090909091, 0, 1, 0, 11, 2, 35, 22, 0),
('carusal01', 1077258, 0.5714285714285714, 4, 0, 2, 1, 6, 36, 9, 0),
('dosunay01', 1077258, 0.45454545454545453, 2, 1, 1, 2, 4, 36, 13, 0),
('whiteco01', 1077258, 0.4375, 0, 5, 0, 5, 4, 41, 19, 0),
('hardeja01', 1077258, 0.4, 1, 1, 0, 11, 10, 33, 14, 1),
('leonaka01', 1077258, 0.5333333333333333, 0, 2, 1, 9, 4, 38, 19, 1),
('georgpa01', 1077258, 0.5, 2, 3, 3, 5, 9, 39, 22, 1),
('zubaciv01', 1077258, 0.7777777777777778, 0, 1, 1, 9, 2, 24, 16, 1),
('mannte01', 1077258, 0.42857142857142855, 0, 1, 0, 1, 1, 25, 7, 1),
('irvinky01', 1077392, 0.5, 1, 4, 0, 3, 5, 29, 21, 1),
('doncilu01', 1077392, 0.5416666666666666, 3, 6, 2, 10, 10, 36, 39, 1),
('jonesde02', 1077392, 0.7142857142857143, 4, 0, 1, 1, 1, 18, 12, 1),
('washipj01', 1077392, 0.5, 2, 0, 0, 2, 1, 28, 7, 1),
('gaffoda01', 1077392, 1.0, 0, 1, 4, 7, 1, 24, 17, 1),
('stewais01', 1077392, 0.3333333333333333, 3, 1, 0, 4, 0, 34, 5, 0),
('cunnica01', 1077392, 0.5238095238095238, 0, 5, 0, 9, 10, 32, 33, 0),
('durenja01', 1077392, 0.25, 0, 2, 0, 8, 3, 15, 6, 0),
('iveyja01', 1077392, 0.3333333333333333, 2, 6, 1, 6, 4, 36, 17, 0),
('thompau01', 1077392, 0.14285714285714285, 1, 0, 0, 5, 0, 11, 4, 0),
('finnedo01', 1077111, 0.25, 1, 2, 0, 5, 2, 37, 8, 0),
('schrode01', 1077111, 0.4166666666666667, 1, 2, 0, 6, 7, 38, 12, 0),
('bridgmi01', 1077111, 0.3333333333333333, 1, 1, 0, 2, 4, 40, 19, 0),
('claxtni01', 1077111, 0.6, 0, 3, 2, 10, 4, 34, 14, 0),
('thomaca02', 1077111, 0.5, 0, 2, 0, 1, 2, 30, 31, 0),
('micicva01', 1077111, 0.38461538461538464, 0, 5, 0, 5, 10, 31, 12, 1),
('bridgmi02', 1077111, 0.6666666666666666, 1, 3, 0, 10, 4, 39, 24, 1),
('richani01', 1077111, 0.6, 1, 1, 1, 11, 0, 30, 15, 1),
('willigr01', 1077111, 0.6666666666666666, 3, 3, 0, 5, 2, 37, 9, 1),
('millebr02', 1077111, 0.47619047619047616, 0, 2, 1, 7, 3, 36, 23, 1),
('horfoal01', 1077036, 0.3333333333333333, 1, 1, 0, 12, 3, 32, 9, 1),
('holidjr01', 1077036, 0.7142857142857143, 2, 3, 1, 3, 6, 35, 15, 1),
('tatumja01', 1077036, 0.39285714285714285, 1, 4, 0, 10, 7, 42, 29, 1),
('brownja02', 1077036, 0.47619047619047616, 2, 2, 0, 3, 3, 34, 27, 1),
('whitede01', 1077036, 0.625, 0, 2, 1, 5, 9, 34, 10, 1),
('duranke01', 1077036, 0.6923076923076923, 1, 6, 0, 10, 6, 37, 45, 0),
('bealbr01', 1077036, 0.5, 3, 1, 0, 1, 4, 37, 25, 0),
('onealro01', 1077036, 0.1111111111111111, 1, 0, 0, 5, 2, 37, 3, 0),
('nurkiju01', 1077036, 0.8333333333333334, 1, 3, 1, 11, 4, 27, 11, 0),
('allengr01', 1077036, 0.375, 0, 3, 0, 5, 2, 39, 7, 0),
('colliza01', 1077577, 0.5, 1, 0, 1, 2, 0, 22, 9, 1),
('jonestr01', 1077577, 0.2, 2, 1, 0, 5, 11, 31, 7, 1),
('champju02', 1077577, 0.625, 0, 3, 1, 7, 5, 33, 17, 1),
('branhma01', 1077577, 0.4666666666666667, 0, 3, 0, 3, 2, 29, 20, 1),
('sochaje01', 1077577, 0.5, 0, 3, 1, 5, 1, 24, 20, 1),
('paulch01', 1077577, 0.4444444444444444, 3, 0, 0, 4, 9, 29, 10, 0),
('greendr01', 1077577, 0.5, 2, 3, 1, 5, 4, 27, 7, 0),
('jackstr02', 1077577, 1.0, 1, 1, 3, 6, 0, 23, 11, 0),
('kuminjo01', 1077577, 0.5882352941176471, 1, 2, 0, 3, 2, 30, 26, 0),
('podzibr01', 1077577, 0.2857142857142857, 1, 2, 1, 6, 7, 30, 8, 0),
('collijo01', 1077457, 0.7, 0, 2, 0, 7, 1, 32, 19, 0),
('sextoco01', 1077457, 0.35294117647058826, 1, 0, 0, 1, 4, 35, 17, 0),
('kesslwa01', 1077457, 0.3333333333333333, 0, 0, 1, 11, 2, 24, 6, 0),
('georgke01', 1077457, 0.5882352941176471, 0, 4, 0, 5, 6, 38, 29, 0),
('sensabr01', 1077457, 0.6363636363636364, 3, 5, 0, 2, 3, 31, 16, 0),
('caldwke01', 1077457, 0.625, 1, 1, 2, 1, 2, 30, 13, 1),
('gordoaa01', 1077457, 1.0, 2, 3, 0, 2, 7, 20, 7, 1),
('jokicni01', 1077457, 0.8571428571428571, 1, 3, 2, 6, 8, 32, 26, 1),
('murraja01', 1077457, 0.6190476190476191, 2, 1, 0, 3, 7, 36, 37, 1),
('portemi01', 1077457, 0.6153846153846154, 1, 2, 1, 4, 2, 22, 19, 1),
('olynyke01', 1078108, 0.6, 2, 5, 2, 6, 8, 32, 15, 0),
('trentga02', 1078108, 0.38461538461538464, 2, 2, 0, 5, 3, 41, 23, 0),
('quickim01', 1078108, 0.47619047619047616, 1, 6, 0, 3, 7, 43, 29, 0),
('agbajoc01', 1078108, 0.2857142857142857, 1, 0, 0, 1, 1, 21, 7, 0),
('dickgr01', 1078108, 0.3, 0, 0, 0, 5, 2, 39, 8, 0),
('aytonde01', 1078108, 0.56, 2, 3, 1, 19, 1, 39, 30, 1),
('simonan01', 1078108, 0.4444444444444444, 1, 5, 0, 4, 7, 42, 23, 1),
('camarto01', 1078108, 0.5, 1, 1, 0, 9, 4, 31, 15, 1),
('bantoda01', 1078108, 0.5625, 0, 2, 1, 7, 4, 42, 25, 1),
('murrakr01', 1078108, 0.2857142857142857, 0, 1, 0, 4, 3, 24, 5, 1),
('craigto01', 1077258, 0.3333333333333333, 1, 2, 0, 3, 0, 13, 6, 0),
('drumman01', 1077258, 0.0, 0, 1, 0, 7, 0, 11, 3, 0),
('bitimon01', 1077258, 0.6666666666666666, 0, 0, 0, 1, 0, 10, 6, 0),
('carteje01', 1077258, 0, 0, 0, 0, 0, 1, 6, 0, 0),
('terryda01', 1077258, 0, 0, 0, 0, 0, 0, 1, 0, 0),
('phillju01', 1077258, 0.0, 0, 0, 0, 0, 0, 5, 0, 0),
('powelno01', 1077258, 0.42857142857142855, 1, 2, 0, 4, 0, 27, 18, 1),
('theisda01', 1077258, 0.375, 0, 2, 1, 3, 2, 20, 6, 1),
('coffeam01', 1077258, 0.0, 0, 0, 0, 1, 0, 15, 0, 1),
('hylanbo01', 1077258, 1.0, 3, 1, 0, 2, 1, 13, 10, 1),
('morrima02', 1077392, 1.0, 0, 1, 0, 0, 0, 3, 6, 1),
('poweldw01', 1077392, 0.5, 1, 1, 0, 2, 1, 12, 3, 1),
('hardati02', 1077392, 0.46153846153846156, 0, 0, 0, 1, 2, 17, 17, 1),
('klebima01', 1077392, 0.0, 1, 0, 1, 6, 0, 17, 0, 1),
('exumda01', 1077392, 0.3333333333333333, 0, 0, 0, 2, 5, 18, 2, 1),
('greenjo02', 1077392, 0.4, 1, 0, 0, 1, 2, 27, 8, 1),
('lawsoaj01', 1077392, 1.0, 0, 0, 0, 0, 0, 3, 2, 1),
('hardyja02', 1077392, 0.5, 0, 1, 0, 1, 1, 4, 8, 1),
('fournev01', 1077392, 0.0, 0, 0, 0, 2, 1, 10, 0, 0),
('fontesi01', 1077392, 0.6923076923076923, 1, 0, 1, 4, 2, 32, 27, 0),
('browntr01', 1077392, 0, 0, 0, 0, 0, 1, 2, 0, 0),
('flynnma01', 1077392, 1.0, 0, 1, 0, 0, 1, 2, 2, 0),
('wisemja01', 1077392, 0.8, 0, 1, 1, 12, 4, 30, 17, 0),
('umudest01', 1077392, 0.2, 0, 0, 1, 2, 0, 13, 3, 0),
('sassema01', 1077392, 0.5, 1, 3, 0, 4, 1, 18, 10, 0),
('smithde03', 1077111, 0.5, 0, 1, 0, 3, 0, 14, 7, 0),
('watfotr01', 1077111, 0.3333333333333333, 0, 1, 0, 5, 0, 13, 6, 0),
('wilsoja03', 1077111, 0.0, 1, 2, 0, 4, 1, 20, 0, 0),
('sharpda01', 1077111, 0.3333333333333333, 0, 1, 0, 5, 2, 10, 2, 0),
('bertada01', 1077111, 0.375, 2, 1, 0, 3, 4, 28, 11, 1),
('vanvlfr01', 1077640, 0.625, 2, 5, 0, 4, 9, 38, 22, 1),
('brookdi01', 1077640, 0.375, 1, 2, 0, 2, 1, 30, 10, 1),
('greenja05', 1077640, 0.4, 0, 0, 0, 2, 3, 34, 19, 1),
('sengual01', 1077640, 0.5, 2, 0, 0, 6, 2, 29, 14, 1),
('smithja05', 1077640, 0.3, 3, 3, 0, 11, 2, 33, 10, 1),
('barneha02', 1077640, 0.3333333333333333, 0, 0, 0, 1, 0, 21, 5, 0),
('sabondo01', 1077640, 0.9090909090909091, 3, 9, 2, 15, 8, 39, 25, 0),
('foxde01', 1077640, 0.3333333333333333, 1, 0, 1, 9, 1, 33, 18, 0),
('huertke01', 1077640, 0.42857142857142855, 2, 1, 1, 3, 3, 25, 6, 0),
('murrake02', 1077640, 0.2727272727272727, 2, 0, 1, 6, 0, 32, 13, 0),
('lopezbr01', 1077737, 0.5, 0, 1, 2, 6, 1, 31, 7, 1),
('lillada01', 1077737, 0.5789473684210527, 0, 2, 0, 7, 11, 38, 35, 1),
('crowdja01', 1077737, 0.6, 1, 0, 1, 2, 1, 19, 7, 1),
('antetgi01', 1077737, 0.5, 1, 3, 1, 7, 10, 38, 34, 1),
('beaslma01', 1077737, 0.5454545454545454, 0, 1, 0, 4, 1, 38, 17, 1),
('tuckepj01', 1077737, 0.3333333333333333, 0, 1, 1, 6, 2, 25, 7, 0),
('hardeja01', 1077737, 0.3125, 0, 5, 0, 5, 11, 36, 13, 0),
('zubaciv01', 1077737, 0.8181818181818182, 1, 1, 1, 6, 1, 26, 18, 0),
('coffeam01', 1077737, 0.5454545454545454, 0, 1, 1, 10, 4, 30, 16, 0),
('mannte01', 1077737, 0.6, 0, 0, 2, 2, 1, 30, 16, 0),
('turnemy01', 1077691, 0.36363636363636365, 0, 3, 6, 8, 0, 31, 12, 1),
('siakapa01', 1077691, 0.42857142857142855, 0, 0, 0, 7, 3, 32, 20, 1),
('nembhan01', 1077691, 0.0, 0, 1, 0, 2, 2, 25, 0, 1),
('nesmiaa01', 1077691, 0.5, 1, 1, 2, 5, 1, 37, 16, 1),
('halibty01', 1077691, 0.4, 0, 4, 0, 7, 8, 35, 20, 1),
('harriga01', 1077691, 0.6666666666666666, 0, 2, 0, 1, 1, 27, 5, 0),
('cartewe01', 1077691, 0.38461538461538464, 1, 2, 1, 15, 2, 27, 13, 0),
('wagnefr01', 1077691, 0.35714285714285715, 2, 1, 0, 4, 2, 29, 13, 0),
('houstca01', 1077691, 0.0, 0, 0, 0, 2, 1, 22, 0, 0),
('banchpa01', 1077691, 0.3, 2, 3, 0, 5, 5, 37, 19, 0),
('jonesty01', 1077870, 0.5555555555555556, 1, 1, 0, 4, 16, 38, 12, 1),
('kuzmaky01', 1077870, 0.391304347826087, 0, 4, 2, 9, 4, 38, 32, 1),
('kispeco01', 1077870, 0.5333333333333333, 0, 2, 0, 5, 6, 39, 22, 1),
('avdijde01', 1077870, 0.5, 1, 2, 1, 10, 2, 35, 16, 1),
('coulibi01', 1077870, 0.5, 2, 1, 2, 4, 1, 36, 11, 1),
('butleji01', 1077870, 0.45, 1, 2, 1, 3, 4, 36, 23, 0),
('roziete01', 1077870, 0.5, 2, 2, 0, 7, 4, 34, 16, 0),
('adebaba01', 1077870, 0.5, 2, 0, 1, 16, 2, 34, 16, 0),
('robindu01', 1077870, 0.3125, 0, 5, 0, 2, 1, 33, 16, 0),
('jovicni01', 1077870, 0.5, 1, 1, 1, 6, 4, 22, 10, 0),
('mccolcj01', 1076954, 0.5, 0, 2, 0, 4, 3, 30, 20, 1),
('valanjo01', 1076954, 0.5, 0, 2, 2, 9, 1, 16, 4, 1),
('ingrabr01', 1076954, 0.3333333333333333, 1, 2, 0, 7, 10, 31, 7, 1),
('willizi01', 1076954, 0.7142857142857143, 0, 1, 2, 6, 7, 36, 27, 1),
('joneshe01', 1076954, 0.6, 2, 2, 3, 1, 2, 30, 7, 1),
('bogdabo01', 1076954, 0.47368421052631576, 2, 1, 0, 1, 7, 36, 25, 0),
('capelca01', 1076954, 0.6923076923076923, 0, 2, 1, 14, 0, 25, 18, 0),
('murrade01', 1076954, 0.35, 1, 4, 0, 1, 11, 40, 23, 0),
('krejcvi01', 1076954, 0.3333333333333333, 1, 1, 0, 2, 3, 22, 3, 0),
('beysa01', 1076954, 0.2727272727272727, 0, 0, 0, 5, 2, 27, 14, 0),
('lowryky01', 1078002, 0.375, 1, 2, 0, 2, 3, 30, 8, 1),
('harrito02', 1078002, 0.35714285714285715, 2, 3, 0, 12, 2, 38, 11, 1),
('oubreke01', 1078002, 0.3157894736842105, 3, 3, 0, 10, 3, 32, 18, 1),
('payneca01', 1078002, 0.23076923076923078, 0, 2, 1, 1, 5, 29, 7, 1),
('bambamo01', 1078002, 0.5, 0, 0, 0, 1, 0, 19, 4, 1),
('hartjo01', 1078002, 0.3076923076923077, 2, 6, 0, 11, 2, 43, 9, 0),
('brunsja01', 1078002, 0.2727272727272727, 0, 2, 0, 3, 8, 32, 19, 0),
('harteis01', 1078002, 1.0, 0, 0, 0, 10, 4, 23, 3, 0),
('divindo01', 1078002, 0.35294117647058826, 2, 4, 1, 9, 3, 36, 15, 0),
('achiupr01', 1078002, 0.25, 2, 3, 3, 9, 0, 36, 8, 0),
('kennalu01', 1077832, 0.16666666666666666, 1, 2, 0, 2, 2, 22, 3, 0),
('jacksja02', 1077832, 0.4, 0, 4, 1, 2, 2, 28, 16, 0),
('aldamsa01', 1077832, 0.4, 0, 0, 2, 6, 3, 26, 7, 0),
('laravja01', 1077832, 0.4444444444444444, 2, 1, 0, 1, 4, 24, 13, 0),
('jacksgg01', 1077832, 0.5263157894736842, 0, 1, 1, 6, 3, 37, 30, 0),
('dortlu01', 1077832, 1.0, 2, 0, 0, 2, 0, 22, 14, 1),
('gilgesh01', 1077832, 0.5714285714285714, 0, 1, 0, 2, 6, 27, 23, 1),
('holmgch01', 1077832, 0.4, 0, 3, 2, 6, 2, 21, 8, 1),
('willija06', 1077832, 0.5, 1, 0, 1, 2, 3, 10, 7, 1),
('giddejo01', 1077832, 0.4666666666666667, 2, 1, 0, 10, 4, 19, 16, 1),
('finnedo01', 1077112, 0.3, 0, 0, 1, 4, 4, 33, 11, 1),
('schrode01', 1077112, 0.6363636363636364, 2, 4, 0, 2, 8, 33, 17, 1),
('bridgmi01', 1077112, 0.6428571428571429, 3, 1, 0, 5, 5, 34, 25, 1),
('claxtni01', 1077112, 0.7, 1, 1, 0, 10, 3, 27, 16, 1),
('thomaca02', 1077112, 0.47368421052631576, 1, 1, 0, 7, 5, 30, 29, 1),
('leverca01', 1077112, 0.3333333333333333, 3, 3, 0, 3, 7, 28, 6, 0),
('niangge01', 1077112, 0.6666666666666666, 0, 0, 0, 3, 2, 24, 20, 0),
('garlada01', 1077112, 0.4444444444444444, 1, 4, 0, 1, 5, 27, 14, 0),
('allenja01', 1077112, 0.5454545454545454, 0, 1, 2, 9, 3, 28, 15, 0),
('okorois01', 1077112, 0.6666666666666666, 1, 1, 1, 4, 1, 29, 11, 0),
('conlemi01', 1077789, 0.5, 1, 0, 0, 3, 6, 28, 9, 0),
('reidna01', 1077789, 0.5294117647058824, 0, 3, 4, 5, 3, 42, 25, 0),
('alexani01', 1077789, 0.5454545454545454, 2, 1, 0, 7, 5, 39, 15, 0),
('edwaran01', 1077789, 0.43478260869565216, 2, 3, 2, 7, 7, 39, 25, 0),
('mcdanja02', 1077789, 0.29411764705882354, 2, 0, 0, 6, 1, 32, 10, 0),
('jamesle01', 1077789, 0.625, 0, 4, 0, 8, 9, 37, 29, 1),
('davisan02', 1077789, 0.5294117647058824, 7, 3, 3, 25, 5, 39, 27, 1),
('russeda01', 1077789, 0.4166666666666667, 0, 2, 0, 3, 6, 33, 13, 1),
('hachiru01', 1077789, 0.5, 0, 1, 0, 2, 3, 23, 15, 1),
('reaveau01', 1077789, 0.5384615384615384, 0, 4, 0, 6, 4, 35, 19, 1),
('greenje02', 1077640, 0.5, 0, 0, 0, 2, 1, 10, 5, 1),
('holidaa01', 1077640, 0.0, 0, 0, 0, 1, 1, 6, 0, 1),
('landajo01', 1077640, 0.75, 0, 0, 1, 5, 4, 17, 9, 1),
('thompam01', 1077640, 0.6666666666666666, 0, 2, 0, 5, 0, 19, 13, 1),
('whitmca01', 1077640, 0.4, 0, 0, 0, 4, 0, 19, 10, 1),
('lenal01', 1077640, 1.0, 0, 0, 0, 1, 1, 4, 4, 0),
('lylestr01', 1077640, 0.3333333333333333, 0, 1, 0, 2, 0, 20, 5, 0),
('monkma01', 1077640, 0.5, 2, 0, 0, 4, 5, 27, 20, 0),
('mitchda01', 1077640, 0.42857142857142855, 0, 1, 0, 2, 3, 18, 8, 0),
('elliske01', 1077640, 0.0, 0, 0, 0, 1, 3, 17, 0, 0), --tretji teden
('micicva01', 1077188, 0.42857142857142855, 1, 2, 0, 5, 7, 32, 11, 0),
('bridgmi02', 1077188, 0.375, 1, 2, 0, 7, 3, 40, 24, 0),
('richani01', 1077188, 0.7142857142857143, 0, 1, 0, 13, 2, 35, 10, 0),
('willigr01', 1077188, 0.46153846153846156, 2, 5, 0, 4, 2, 32, 22, 0),
('millebr02', 1077188, 0.4117647058823529, 1, 0, 1, 5, 7, 35, 19, 0),
('fontesi01', 1077188, 0.6363636363636364, 2, 2, 1, 8, 3, 37, 17, 1),
('stewais01', 1077188, 0.4444444444444444, 0, 0, 1, 6, 0, 33, 12, 1),
('cunnica01', 1077188, 0.4, 1, 2, 0, 6, 8, 32, 22, 1),
('durenja01', 1077188, 0.8, 1, 3, 1, 10, 1, 30, 20, 1),
('iveyja01', 1077188, 0.3076923076923077, 1, 1, 1, 3, 4, 32, 12, 1),
('duranke01', 1077322, 0.5384615384615384, 1, 3, 0, 8, 6, 39, 37, 1),
('bealbr01', 1077322, 0.5263157894736842, 3, 1, 0, 5, 4, 35, 24, 1),
('nurkiju01', 1077322, 0.8, 0, 3, 1, 8, 0, 29, 9, 1),
('bookede01', 1077322, 0.5, 0, 2, 1, 6, 7, 38, 27, 1),
('allengr01', 1077322, 0.6666666666666666, 2, 2, 2, 3, 2, 35, 14, 1),
('leverca01', 1077322, 0.4375, 1, 1, 0, 6, 11, 33, 17, 0),
('niangge01', 1077322, 0.3333333333333333, 1, 2, 0, 3, 1, 25, 8, 0),
('garlada01', 1077322, 0.5882352941176471, 1, 5, 0, 2, 5, 36, 30, 0),
('allenja01', 1077322, 0.7142857142857143, 1, 1, 0, 10, 2, 37, 15, 0),
('okorois01', 1077322, 0.3333333333333333, 4, 2, 0, 4, 3, 39, 13, 0),
('irvinky01', 1077259, 0.42857142857142855, 1, 1, 1, 3, 1, 27, 14, 1),
('doncilu01', 1077259, 0.391304347826087, 1, 2, 0, 12, 14, 33, 27, 1),
('jonesde02', 1077259, 0.42857142857142855, 0, 0, 0, 0, 2, 16, 8, 1),
('washipj01', 1077259, 0.6, 2, 0, 1, 5, 0, 23, 7, 1),
('gaffoda01', 1077259, 1.0, 1, 0, 2, 7, 1, 22, 20, 1),
('derozde01', 1077259, 0.4444444444444444, 0, 1, 0, 2, 2, 22, 13, 0),
('vucevni01', 1077259, 0.46153846153846156, 0, 3, 1, 6, 2, 26, 13, 0),
('carusal01', 1077259, 0.16666666666666666, 1, 1, 0, 5, 3, 21, 4, 0),
('dosunay01', 1077259, 0.3076923076923077, 1, 2, 1, 8, 6, 29, 9, 0),
('whiteco01', 1077259, 0.2857142857142857, 0, 2, 0, 2, 1, 27, 12, 0),
('paulch01', 1077578, 0.47368421052631576, 1, 1, 0, 9, 8, 33, 19, 1),
('greendr01', 1077578, 0.2857142857142857, 2, 5, 0, 6, 4, 27, 5, 1),
('thompkl01', 1077578, 0.38095238095238093, 1, 1, 0, 2, 2, 30, 21, 1),
('wiggian01', 1077578, 0.75, 0, 1, 0, 4, 2, 30, 16, 1),
('kuminjo01', 1077578, 0.5, 1, 2, 1, 5, 1, 31, 22, 1),
('jonestr01', 1077578, 0.6, 1, 1, 0, 5, 7, 31, 6, 0),
('vassede01', 1077578, 0.35714285714285715, 1, 2, 0, 1, 1, 36, 17, 0),
('champju02', 1077578, 0.6, 1, 1, 0, 2, 2, 27, 9, 0),
('wembavi01', 1077578, 0.4, 1, 3, 2, 14, 3, 31, 27, 0),
('sochaje01', 1077578, 0.4, 1, 1, 2, 7, 7, 28, 9, 0),
('olynyke01', 1077458, 0.6923076923076923, 0, 1, 0, 6, 1, 28, 24, 0),
('brownbr01', 1077458, 0.38461538461538464, 0, 3, 0, 10, 3, 37, 13, 0),
('barrerj01', 1077458, 0.5, 0, 4, 0, 7, 9, 37, 26, 0),
('agbajoc01', 1077458, 0.5714285714285714, 0, 0, 2, 2, 1, 28, 8, 0),
('dickgr01', 1077458, 0.5833333333333334, 2, 1, 0, 4, 7, 36, 17, 0),
('caldwke01', 1077458, 0.16666666666666666, 1, 2, 0, 2, 6, 32, 3, 1),
('gordoaa01', 1077458, 0.8888888888888888, 0, 1, 0, 2, 1, 30, 19, 1),
('jokicni01', 1077458, 0.5384615384615384, 6, 2, 2, 17, 12, 38, 35, 1),
('murraja01', 1077458, 0.5789473684210527, 0, 1, 2, 5, 12, 39, 26, 1),
('portemi01', 1077458, 0.5714285714285714, 1, 0, 1, 8, 3, 32, 19, 1),
('horfoal01', 1077037, 1.0, 1, 0, 3, 4, 4, 29, 11, 1),
('tatumja01', 1077037, 0.391304347826087, 0, 1, 0, 5, 8, 35, 26, 1),
('brownja02', 1077037, 0.4482758620689655, 1, 0, 0, 6, 5, 32, 27, 1),
('pritcpa01', 1077037, 0.45454545454545453, 0, 0, 0, 8, 8, 29, 11, 1),
('whitede01', 1077037, 0.35714285714285715, 2, 1, 3, 6, 5, 34, 11, 1),
('grantje01', 1077037, 0.35714285714285715, 2, 2, 0, 2, 2, 35, 14, 0),
('aytonde01', 1077037, 0.5789473684210527, 0, 1, 0, 15, 1, 32, 22, 0),
('simonan01', 1077037, 0.3333333333333333, 0, 1, 0, 4, 3, 33, 17, 0),
('hendesc01', 1077037, 0.4166666666666667, 0, 5, 0, 6, 8, 33, 13, 0),
('murrakr01', 1077037, 1.0, 0, 0, 1, 4, 1, 19, 2, 0),
('bertada01', 1077188, 0.25, 2, 1, 0, 1, 2, 26, 7, 0),
('pokusal01', 1077188, 0.25, 0, 0, 1, 1, 2, 10, 2, 0),
('thorjt01', 1077188, 0.25, 0, 0, 0, 2, 1, 11, 2, 0),
('smithni01', 1077188, 0.0, 0, 1, 0, 2, 1, 15, 0, 0),
('fournev01', 1077188, 0.25, 2, 0, 0, 1, 2, 11, 3, 1),
('grimequ01', 1077188, 0.125, 1, 1, 0, 4, 3, 21, 6, 1),
('wisemja01', 1077188, 0.6666666666666666, 0, 0, 1, 9, 1, 17, 10, 1),
('umudest01', 1077188, 1.0, 0, 0, 0, 2, 0, 3, 3, 1),
('sassema01', 1077188, 0.75, 0, 3, 0, 2, 4, 19, 9, 1),
('onealro01', 1077322, 0.0, 1, 2, 0, 4, 4, 29, 0, 1),
('eubandr01', 1077322, 1.0, 1, 0, 1, 6, 0, 17, 4, 1),
('bolbo01', 1077322, 0.0, 0, 0, 1, 2, 0, 9, 0, 1),
('roddyda01', 1077322, 1.0, 0, 1, 0, 0, 0, 4, 2, 1),
('jonesda03', 1077322, 0.5714285714285714, 1, 0, 0, 5, 1, 11, 9, 0),
('mobleis01', 1077322, 0.25, 0, 0, 0, 0, 1, 13, 3, 0),
('merrisa01', 1077322, 0.2, 0, 0, 0, 1, 5, 21, 3, 0),
('portecr01', 1077322, 0.7142857142857143, 0, 1, 0, 6, 1, 21, 13, 0),
('morrima02', 1077259, 1.0, 0, 0, 0, 0, 0, 5, 2, 1),
('poweldw01', 1077259, 0.0, 0, 0, 0, 2, 1, 5, 0, 1),
('hardati02', 1077259, 0.25, 2, 0, 0, 1, 4, 18, 4, 1),
('klebima01', 1077259, 0.0, 0, 0, 0, 4, 1, 12, 2, 1),
('exumda01', 1077259, 0.3333333333333333, 0, 1, 0, 4, 2, 18, 2, 1),
('greenjo02', 1077259, 0.6666666666666666, 0, 0, 0, 3, 3, 23, 5, 1),
('lawsoaj01', 1077259, 0.2, 1, 0, 0, 1, 1, 6, 3, 1),
('hardyja02', 1077259, 0.8, 0, 1, 0, 0, 0, 7, 11, 1),
('livelde01', 1077259, 0.9166666666666666, 2, 1, 2, 7, 3, 20, 22, 1),
('craigto01', 1077259, 0.0, 0, 1, 0, 0, 0, 16, 0, 0),
('drumman01', 1077259, 0.3333333333333333, 1, 1, 0, 10, 1, 16, 4, 0),
('bitimon01', 1077259, 0.5, 0, 1, 0, 6, 1, 25, 17, 0),
('carteje01', 1077259, 1.0, 0, 0, 0, 0, 0, 13, 3, 0),
('taylote01', 1077259, 1.0, 0, 0, 0, 1, 1, 7, 2, 0),
('terryda01', 1077259, 0.4, 1, 1, 0, 0, 2, 7, 4, 0),
('phillju01', 1077259, 0.42857142857142855, 2, 0, 0, 3, 0, 27, 11, 0),
('paytoga02', 1077578, 0, 0, 0, 0, 0, 2, 14, 0, 1),
('jackstr02', 1077578, 0.8571428571428571, 0, 1, 0, 10, 5, 26, 13, 1),
('moodymo01', 1077578, 0.3333333333333333, 1, 0, 2, 1, 0, 11, 2, 1),
('podzibr01', 1077578, 0.5, 1, 2, 1, 8, 4, 34, 14, 1),
('colliza01', 1077578, 0.625, 1, 5, 3, 10, 3, 16, 10, 0),
('johnske04', 1077578, 0.4166666666666667, 0, 0, 1, 6, 1, 30, 16, 0),
('weslebl01', 1077578, 0.6666666666666666, 0, 0, 0, 1, 3, 12, 4, 0),
('lowryky01', 1078003, 0.25, 2, 1, 0, 2, 6, 21, 2, 0),
('harrito02', 1078003, 0.16666666666666666, 2, 1, 0, 3, 1, 26, 2, 0),
('oubreke01', 1078003, 0.4666666666666667, 0, 2, 0, 6, 1, 29, 19, 0),
('bambamo01', 1078003, 0.6666666666666666, 0, 0, 1, 2, 0, 16, 5, 0),
('maxeyty01', 1078003, 0.42857142857142855, 0, 2, 0, 2, 4, 27, 17, 0),
('hartjo01', 1078003, 0.5, 1, 1, 1, 19, 10, 39, 20, 1),
('brunsja01', 1078003, 0.5833333333333334, 1, 1, 0, 4, 9, 27, 20, 1),
('harteis01', 1078003, 1.0, 0, 0, 0, 5, 2, 19, 6, 1),
('divindo01', 1078003, 0.36363636363636365, 1, 1, 1, 2, 4, 34, 16, 1),
('anunoog01', 1078003, 0.5454545454545454, 1, 3, 0, 4, 2, 28, 14, 1),
('turnemy01', 1077692, 0.6470588235294118, 1, 1, 4, 3, 4, 30, 24, 1),
('siakapa01', 1077692, 0.5, 2, 0, 1, 11, 4, 32, 18, 1),
('nembhan01', 1077692, 0.5714285714285714, 1, 2, 0, 4, 5, 27, 14, 1),
('nesmiaa01', 1077692, 0.5, 1, 0, 2, 4, 1, 35, 15, 1),
('halibty01', 1077692, 0.5333333333333333, 2, 4, 2, 4, 12, 35, 18, 1),
('haywago01', 1077692, 0.75, 1, 2, 0, 4, 5, 29, 9, 0),
('dortlu01', 1077692, 0.5, 1, 0, 0, 2, 3, 35, 18, 0),
('gilgesh01', 1077692, 0.4444444444444444, 2, 4, 1, 10, 5, 36, 30, 0),
('holmgch01', 1077692, 0.375, 0, 0, 2, 13, 3, 35, 15, 0),
('giddejo01', 1077692, 0.4666666666666667, 0, 1, 0, 7, 3, 27, 15, 0),
('jonesty01', 1077833, 0.1111111111111111, 1, 1, 0, 0, 9, 34, 4, 0),
('kuzmaky01', 1077833, 0.5263157894736842, 1, 4, 0, 7, 5, 36, 24, 0),
('kispeco01', 1077833, 0.7272727272727273, 1, 0, 0, 2, 0, 35, 22, 0),
('avdijde01', 1077833, 0.6, 0, 3, 0, 4, 1, 35, 16, 0),
('coulibi01', 1077833, 0.25, 2, 2, 1, 5, 4, 32, 11, 0),
('kennalu01', 1077833, 0.45454545454545453, 1, 2, 0, 4, 8, 26, 13, 1),
('konchjo01', 1077833, 0.2, 0, 2, 2, 10, 3, 32, 3, 1),
('goodwjo01', 1077833, 0.25, 1, 2, 1, 12, 7, 32, 8, 1),
('aldamsa01', 1077833, 0.35714285714285715, 2, 1, 0, 4, 1, 29, 11, 1),
('jemistr01', 1077833, 0.8461538461538461, 0, 3, 2, 6, 0, 31, 24, 1),
('vanvlfr01', 1077641, 0.4375, 2, 2, 2, 7, 7, 39, 21, 1),
('brookdi01', 1077641, 0.5454545454545454, 0, 3, 0, 1, 1, 29, 14, 1),
('greenja05', 1077641, 0.3125, 0, 3, 0, 7, 5, 37, 16, 1),
('smithja05', 1077641, 0.45454545454545453, 2, 1, 0, 9, 1, 33, 15, 1),
('thompam01', 1077641, 1.0, 1, 1, 0, 4, 2, 22, 6, 1),
('jonestr01', 1077641, 0.6, 3, 2, 0, 3, 5, 31, 24, 0),
('vassede01', 1077641, 0.3333333333333333, 1, 2, 0, 5, 6, 35, 6, 0),
('champju02', 1077641, 0.3333333333333333, 2, 1, 0, 3, 1, 34, 10, 0),
('wembavi01', 1077641, 0.4166666666666667, 1, 2, 2, 10, 6, 31, 13, 0),
('sochaje01', 1077641, 0.6428571428571429, 1, 2, 1, 8, 2, 32, 21, 0),
('holidjr01', 1077038, 0.5, 2, 1, 1, 5, 8, 37, 16, 1),
('tatumja01', 1077038, 0.52, 0, 3, 1, 6, 2, 34, 38, 1),
('kornelu01', 1077038, 0.5714285714285714, 0, 0, 1, 9, 6, 28, 12, 1),
('whitede01', 1077038, 0.47058823529411764, 1, 3, 3, 6, 3, 35, 24, 1),
('hausesa01', 1077038, 0.38461538461538464, 1, 0, 2, 5, 2, 34, 14, 1),
('collijo01', 1077038, 0.2222222222222222, 0, 1, 2, 4, 0, 29, 10, 0),
('samanlu01', 1077038, 0.5, 0, 0, 0, 7, 1, 14, 7, 0),
('sextoco01', 1077038, 0.5625, 0, 5, 1, 7, 5, 31, 20, 0),
('georgke01', 1077038, 0.5294117647058824, 0, 3, 2, 1, 6, 35, 26, 0),
('sensabr01', 1077038, 0.2, 0, 0, 0, 4, 4, 23, 2, 0),
('conlemi01', 1077738, 0.6, 1, 1, 0, 3, 3, 27, 23, 1),
('anderky01', 1077738, 0.625, 0, 2, 0, 5, 7, 28, 10, 1),
('goberru01', 1077738, 0.5714285714285714, 2, 0, 2, 11, 3, 33, 8, 1),
('edwaran01', 1077738, 0.5172413793103449, 1, 2, 0, 8, 4, 36, 37, 1),
('mcdanja02', 1077738, 0.0, 2, 1, 0, 4, 1, 23, 0, 1),
('hardeja01', 1077738, 0.4, 2, 4, 0, 2, 7, 33, 12, 0),
('leonaka01', 1077738, 0.5, 0, 0, 0, 2, 2, 12, 6, 0),
('georgpa01', 1077738, 0.45454545454545453, 1, 5, 0, 3, 3, 35, 22, 0),
('zubaciv01', 1077738, 0.6, 0, 2, 0, 8, 1, 26, 10, 0),
('mannte01', 1077738, 0.5, 3, 1, 0, 2, 0, 27, 7, 0),
('lopezbr01', 1077902, 0.2857142857142857, 0, 2, 1, 4, 0, 25, 7, 0),
('lillada01', 1077902, 0.16666666666666666, 1, 2, 1, 5, 6, 33, 10, 0),
('crowdja01', 1077902, 0, 1, 0, 0, 0, 2, 15, 0, 0),
('antetgi01', 1077902, 0.5882352941176471, 1, 4, 0, 13, 4, 32, 30, 0),
('beaslma01', 1077902, 0.3076923076923077, 0, 2, 0, 3, 2, 25, 11, 0),
('barneha02', 1077902, 0.5, 1, 0, 0, 6, 2, 31, 16, 1),
('sabondo01', 1077902, 0.7142857142857143, 1, 0, 0, 11, 8, 33, 22, 1),
('foxde01', 1077902, 0.6470588235294118, 2, 4, 1, 6, 7, 32, 29, 1),
('huertke01', 1077902, 0.4, 2, 1, 0, 5, 3, 25, 11, 1),
('elliske01', 1077902, 0.75, 3, 1, 0, 4, 2, 27, 7, 1),
('batumni01', 1078003, 0.0, 1, 0, 0, 2, 0, 21, 0, 0),
('hieldbu01', 1078003, 0.36363636363636365, 0, 1, 1, 4, 4, 24, 9, 0),
('payneca01', 1078003, 0.2222222222222222, 0, 0, 1, 1, 1, 20, 7, 0),
('dowtije01', 1078003, 0.0, 0, 0, 0, 1, 0, 7, 0, 0),
('reedpa01', 1078003, 0.75, 2, 1, 0, 8, 0, 27, 14, 0),
('martike04', 1078003, 0.0, 0, 0, 0, 0, 0, 10, 0, 0),
('councri01', 1078003, 0.3333333333333333, 0, 0, 1, 0, 0, 6, 4, 0),
('burksal01', 1078003, 0.16666666666666666, 0, 0, 0, 2, 1, 11, 2, 1),
('bogdabo02', 1078003, 0.0, 0, 2, 0, 2, 1, 22, 0, 1),
('miltosh01', 1078003, 0.0, 0, 0, 0, 0, 0, 4, 2, 1),
('simsje01', 1078003, 0, 0, 0, 0, 3, 0, 5, 0, 1),
('achiupr01', 1078003, 0.75, 0, 4, 2, 8, 1, 23, 13, 1),
('mcbrimi01', 1078003, 0.625, 0, 0, 0, 2, 2, 22, 13, 1),
('mccontj01', 1077692, 0.5, 1, 1, 0, 0, 4, 17, 9, 1),
('smithja04', 1077692, 0.4, 0, 1, 1, 9, 3, 17, 6, 1),
('toppiob01', 1077692, 0.6666666666666666, 0, 0, 0, 4, 1, 18, 10, 1),
('walkeja02', 1077692, 0.5, 0, 0, 0, 2, 0, 6, 3, 1),
('sheppbe01', 1077692, 0.4, 0, 0, 0, 2, 0, 17, 4, 1),
('muscami01', 1077692, 0.0, 0, 0, 0, 0, 0, 1, 0, 0),
('willike04', 1077692, 0.0, 0, 0, 0, 4, 2, 9, 0, 0),
('wiggiaa01', 1077692, 0.42857142857142855, 0, 1, 0, 2, 0, 15, 7, 0),
('joeis01', 1077692, 0.25, 1, 1, 0, 3, 1, 18, 6, 0),
('willija07', 1077692, 0, 0, 0, 0, 2, 2, 7, 0, 0),
('wallaca01', 1077692, 0.5714285714285714, 0, 3, 1, 3, 0, 23, 11, 0),
('gillan01', 1077833, 0.5, 0, 0, 1, 1, 0, 4, 2, 0),
('poolejo01', 1077833, 0.36363636363636365, 0, 2, 1, 3, 4, 26, 10, 0),
('omorueu01', 1077833, 1.0, 2, 0, 0, 2, 1, 7, 2, 0),
('davisjo06', 1077833, 0.0, 0, 0, 0, 1, 0, 5, 0, 0),
('baldwpa01', 1077833, 0.0, 1, 0, 0, 3, 0, 11, 0, 0),
('butleja02', 1077833, 0.75, 1, 1, 0, 0, 2, 10, 6, 0),
('olynyke01', 1077518, 0.7272727272727273, 2, 6, 2, 6, 8, 30, 19, 0),
('brownbr01', 1077518, 0.6666666666666666, 2, 0, 1, 4, 5, 33, 17, 0),
('quickim01', 1077518, 0.42105263157894735, 1, 0, 1, 5, 8, 35, 25, 0),
('agbajoc01', 1077518, 0.0, 2, 1, 0, 1, 3, 26, 0, 0),
('dickgr01', 1077518, 0.3076923076923077, 1, 2, 0, 3, 1, 32, 9, 0),
('fontesi01', 1077518, 0.2727272727272727, 0, 3, 0, 4, 0, 38, 12, 1),
('stewais01', 1077518, 0.8333333333333334, 0, 2, 3, 2, 1, 32, 15, 1),
('cunnica01', 1077518, 0.4, 1, 3, 0, 3, 6, 27, 19, 1),
('durenja01', 1077518, 0.8888888888888888, 1, 5, 0, 23, 5, 28, 24, 1),
('iveyja01', 1077518, 0.38461538461538464, 2, 5, 1, 3, 7, 37, 14, 1),
('finnedo01', 1077113, 0.25, 2, 0, 0, 3, 2, 24, 6, 0),
('schrode01', 1077113, 0.375, 1, 4, 0, 1, 3, 29, 13, 0),
('bridgmi01', 1077113, 0.38461538461538464, 0, 2, 1, 4, 1, 29, 17, 0),
('claxtni01', 1077113, 0.625, 0, 1, 2, 5, 5, 29, 10, 0),
('thomaca02', 1077113, 0.47368421052631576, 1, 2, 0, 8, 4, 38, 21, 0),
('harriga01', 1077113, 0.5, 1, 0, 1, 2, 1, 29, 13, 1),
('cartewe01', 1077113, 0.625, 1, 2, 1, 8, 2, 26, 15, 1),
('wagnefr01', 1077113, 0.42857142857142855, 3, 0, 0, 5, 6, 27, 14, 1),
('suggsja01', 1077113, 0.4166666666666667, 0, 3, 0, 4, 2, 29, 14, 1),
('banchpa01', 1077113, 1.0, 0, 2, 0, 3, 9, 35, 21, 1),
('caldwke01', 1077459, 0.4444444444444444, 2, 0, 0, 1, 2, 24, 9, 1),
('gordoaa01', 1077459, 0.5454545454545454, 0, 1, 0, 8, 4, 33, 16, 1),
('jokicni01', 1077459, 0.625, 1, 4, 0, 14, 6, 37, 12, 1),
('murraja01', 1077459, 0.35714285714285715, 1, 0, 0, 2, 5, 31, 14, 1),
('portemi01', 1077459, 0.5625, 0, 1, 0, 7, 0, 33, 25, 1),
('butleji01', 1077459, 0.375, 0, 1, 1, 5, 2, 35, 15, 0),
('roziete01', 1077459, 0.46153846153846156, 1, 2, 0, 4, 4, 34, 14, 0),
('adebaba01', 1077459, 0.4666666666666667, 1, 0, 1, 13, 3, 34, 17, 0),
('robindu01', 1077459, 0.5, 1, 1, 0, 6, 3, 30, 11, 0),
('jovicni01', 1077459, 0.3333333333333333, 1, 1, 0, 1, 1, 15, 3, 0),
('niangge01', 1077323, 0.5, 0, 0, 0, 6, 1, 27, 16, 1),
('mitchdo01', 1077323, 0.3125, 0, 2, 1, 4, 5, 27, 14, 1),
('garlada01', 1077323, 0.625, 2, 1, 1, 6, 11, 34, 27, 1),
('allenja01', 1077323, 0.6153846153846154, 0, 1, 2, 10, 1, 31, 17, 1),
('okorois01', 1077323, 0.375, 0, 1, 0, 7, 2, 32, 7, 1),
('mccolcj01', 1077323, 0.3, 0, 1, 2, 3, 1, 29, 8, 0),
('valanjo01', 1077323, 0.2857142857142857, 0, 1, 0, 7, 2, 14, 5, 0),
('ingrabr01', 1077323, 0.5714285714285714, 1, 2, 0, 5, 5, 32, 20, 0),
('willizi01', 1077323, 0.6190476190476191, 1, 2, 0, 9, 1, 34, 33, 0),
('joneshe01', 1077323, 0, 2, 1, 3, 5, 3, 25, 3, 0),
('micicva01', 1077189, 0.9, 2, 2, 0, 0, 8, 30, 25, 1),
('bridgmi02', 1077189, 0.5714285714285714, 1, 1, 1, 6, 6, 39, 27, 1),
('richani01', 1077189, 0.75, 0, 2, 2, 5, 1, 28, 8, 1),
('manntr01', 1077189, 0.5555555555555556, 2, 3, 0, 5, 0, 29, 10, 1),
('millebr02', 1077189, 0.3333333333333333, 4, 1, 0, 3, 5, 36, 10, 1),
('kennalu01', 1077189, 0.46153846153846156, 1, 2, 0, 4, 3, 27, 17, 0),
('konchjo01', 1077189, 0.625, 3, 3, 0, 9, 4, 34, 13, 0),
('pippesc02', 1077189, 0.5, 2, 3, 1, 4, 10, 27, 9, 0),
('jemistr01', 1077189, 0.75, 1, 3, 2, 6, 1, 31, 14, 0),
('jacksgg01', 1077189, 0.47058823529411764, 0, 3, 0, 4, 0, 37, 26, 0),
('derozde01', 1077260, 0.625, 2, 2, 1, 9, 3, 44, 46, 1),
('vucevni01', 1077260, 0.42857142857142855, 1, 1, 0, 12, 3, 43, 12, 1),
('carusal01', 1077260, 0.6923076923076923, 1, 1, 0, 7, 7, 36, 23, 1),
('dosunay01', 1077260, 0.5833333333333334, 0, 2, 2, 4, 3, 43, 20, 1),
('whiteco01', 1077260, 0.35294117647058826, 2, 1, 1, 4, 3, 36, 15, 1),
('turnemy01', 1077260, 0.6, 0, 1, 1, 7, 1, 34, 27, 0),
('siakapa01', 1077260, 0.6666666666666666, 2, 2, 2, 9, 3, 36, 17, 0),
('nembhan01', 1077260, 0.3333333333333333, 0, 1, 1, 3, 2, 29, 8, 0),
('nesmiaa01', 1077260, 0.3333333333333333, 0, 0, 0, 4, 1, 26, 13, 0),
('halibty01', 1077260, 0.46153846153846156, 0, 2, 1, 3, 14, 38, 17, 0),
('paulch01', 1077393, 0.3333333333333333, 0, 0, 0, 4, 4, 31, 9, 0),
('thompkl01', 1077393, 0.23076923076923078, 1, 2, 1, 4, 0, 26, 8, 0),
('wiggian01', 1077393, 0.4166666666666667, 1, 2, 0, 5, 1, 27, 17, 0),
('jackstr02', 1077393, 0.5555555555555556, 0, 1, 1, 9, 1, 25, 10, 0),
('kuminjo01', 1077393, 0.47058823529411764, 1, 6, 0, 4, 2, 35, 27, 0),
('irvinky01', 1077393, 0.5, 1, 1, 1, 8, 10, 34, 23, 1),
('doncilu01', 1077393, 0.3888888888888889, 0, 6, 0, 3, 9, 29, 21, 1),
('jonesde02', 1077393, 0.75, 0, 2, 0, 3, 0, 18, 7, 1),
('washipj01', 1077393, 0.45454545454545453, 2, 1, 3, 7, 1, 34, 11, 1),
('gaffoda01', 1077393, 1.0, 2, 2, 7, 6, 1, 26, 10, 1),
('matthwe02', 1076955, 0.14285714285714285, 0, 0, 1, 0, 0, 14, 3, 0),
('bogdabo01', 1076955, 0.2, 3, 2, 1, 7, 8, 33, 8, 0),
('capelca01', 1076955, 0.6666666666666666, 2, 2, 0, 14, 1, 27, 13, 0),
('murrade01', 1076955, 0.5172413793103449, 2, 5, 1, 4, 3, 43, 40, 0),
('krejcvi01', 1076955, 0.5, 1, 1, 1, 2, 2, 31, 7, 0),
('aytonde01', 1076955, 0.75, 1, 3, 1, 19, 1, 40, 33, 1),
('simonan01', 1076955, 0.43478260869565216, 1, 1, 0, 7, 8, 42, 36, 1),
('camarto01', 1076955, 0.3333333333333333, 0, 1, 1, 6, 3, 30, 3, 1),
('bantoda01', 1076955, 0.5, 0, 1, 0, 5, 2, 19, 12, 1),
('murrakr01', 1076955, 0.375, 1, 6, 1, 6, 2, 34, 9, 1),
('jamesle01', 1077790, 0.375, 2, 5, 0, 13, 9, 40, 18, 0),
('davisan02', 1077790, 0.3888888888888889, 1, 2, 1, 10, 3, 41, 22, 0),
('russeda01', 1077790, 0.2222222222222222, 1, 2, 1, 2, 6, 33, 6, 0),
('hachiru01', 1077790, 0.8181818181818182, 0, 2, 0, 3, 1, 35, 20, 0),
('reaveau01', 1077790, 0.5882352941176471, 1, 1, 0, 6, 4, 37, 28, 0),
('barneha02', 1077790, 0.5333333333333333, 0, 0, 0, 2, 2, 38, 23, 1),
('sabondo01', 1077790, 0.6, 2, 2, 1, 19, 10, 37, 17, 1),
('foxde01', 1077790, 0.45, 1, 2, 0, 4, 7, 35, 21, 1),
('elliske01', 1077790, 0.625, 3, 1, 1, 2, 0, 28, 14, 1),
('murrake02', 1077790, 0.5384615384615384, 2, 3, 0, 11, 3, 38, 19, 1),
('nworajo01', 1077518, 0.45454545454545453, 3, 1, 0, 2, 0, 21, 12, 0),
('portejo01', 1077518, 0.5, 1, 0, 4, 6, 6, 20, 10, 0),
('mcdanja01', 1077518, 0.36363636363636365, 0, 1, 0, 3, 1, 20, 8, 0),
('ramseja01', 1077518, 0.14285714285714285, 1, 0, 0, 7, 0, 19, 4, 0),
('fournev01', 1077518, 0.3333333333333333, 0, 0, 0, 1, 1, 4, 2, 1),
('grimequ01', 1077518, 0.16666666666666666, 0, 1, 0, 0, 3, 15, 5, 1),
('wisemja01', 1077518, 0.75, 0, 2, 3, 10, 1, 19, 6, 1),
('umudest01', 1077518, 0.25, 3, 0, 0, 7, 0, 14, 5, 1),
('sassema01', 1077518, 0.3333333333333333, 0, 0, 0, 5, 3, 21, 11, 1),
('bateske01', 1077113, 0.0, 0, 0, 0, 0, 0, 2, 0, 0),
('duranke01', 1077039, 0.47368421052631576, 0, 3, 1, 3, 1, 34, 20, 0),
('bealbr01', 1077039, 0.5294117647058824, 1, 3, 1, 3, 7, 35, 22, 0),
('nurkiju01', 1077039, 0.4444444444444444, 1, 2, 1, 20, 6, 30, 8, 0),
('bookede01', 1077039, 0.45, 0, 0, 0, 2, 7, 37, 23, 0),
('allengr01', 1077039, 0.8888888888888888, 1, 2, 0, 3, 0, 35, 20, 0),
('horfoal01', 1077039, 0.5714285714285714, 3, 1, 1, 3, 3, 32, 24, 1),
('holidjr01', 1077039, 0.6, 2, 0, 2, 0, 10, 33, 9, 1),
('tatumja01', 1077039, 0.5555555555555556, 0, 3, 0, 5, 5, 33, 26, 1),
('brownja02', 1077039, 0.6086956521739131, 2, 1, 0, 5, 3, 33, 37, 1),
('whitede01', 1077039, 0.38461538461538464, 2, 0, 1, 8, 5, 33, 13, 1),
('lowryky01', 1077903, 0.6666666666666666, 0, 2, 0, 2, 0, 26, 12, 0),
('harrito02', 1077903, 0.45454545454545453, 1, 0, 1, 4, 3, 27, 15, 0),
('oubreke01', 1077903, 0.3076923076923077, 0, 0, 0, 4, 0, 33, 9, 0),
('bambamo01', 1077903, 0.6666666666666666, 1, 1, 0, 5, 3, 23, 5, 0),
('maxeyty01', 1077903, 0.5217391304347826, 0, 2, 0, 4, 4, 37, 30, 0),
('lopezbr01', 1077903, 0.5833333333333334, 1, 2, 2, 7, 5, 36, 19, 1),
('beverpa01', 1077903, 0.4, 1, 1, 1, 2, 2, 25, 6, 1),
('lillada01', 1077903, 0.4375, 1, 0, 1, 3, 9, 38, 17, 1),
('crowdja01', 1077903, 0.375, 0, 0, 0, 2, 0, 18, 9, 1),
('antetgi01', 1077903, 0.75, 1, 7, 0, 11, 7, 36, 32, 1),
('jonesty01', 1077642, 0.45454545454545453, 0, 2, 0, 1, 8, 30, 13, 0),
('kuzmaky01', 1077642, 0.8, 2, 5, 0, 3, 3, 30, 23, 0),
('kispeco01', 1077642, 0.4444444444444444, 1, 0, 0, 2, 2, 26, 11, 0),
('avdijde01', 1077642, 0.7692307692307693, 3, 2, 0, 9, 5, 36, 24, 0),
('coulibi01', 1077642, 0.3333333333333333, 2, 0, 0, 3, 4, 33, 10, 0),
('vanvlfr01', 1077642, 0.6428571428571429, 2, 5, 0, 3, 9, 37, 27, 1),
('brookdi01', 1077642, 0.625, 0, 2, 0, 6, 4, 31, 13, 1),
('greenja05', 1077642, 0.6521739130434783, 0, 2, 0, 8, 2, 36, 37, 1),
('smithja05', 1077642, 0.6, 0, 1, 0, 5, 1, 25, 16, 1),
('thompam01', 1077642, 0.8181818181818182, 3, 1, 0, 10, 4, 27, 20, 1),
('leonaka01', 1077261, 0.7058823529411765, 1, 3, 1, 5, 3, 33, 27, 1),
('georgpa01', 1077261, 0.9166666666666666, 1, 1, 1, 5, 7, 35, 28, 1),
('zubaciv01', 1077261, 0.6666666666666666, 0, 2, 0, 8, 2, 31, 6, 1),
('mannte01', 1077261, 0.3076923076923077, 1, 0, 0, 4, 2, 30, 12, 1),
('hylanbo01', 1077261, 0.6666666666666666, 4, 1, 0, 5, 11, 31, 17, 1),
('derozde01', 1077261, 0.375, 0, 5, 0, 5, 4, 35, 21, 0),
('vucevni01', 1077261, 0.5714285714285714, 0, 1, 0, 6, 5, 35, 19, 0),
('craigto01', 1077261, 0.5, 0, 0, 0, 6, 1, 27, 12, 0),
('carusal01', 1077261, 0.38461538461538464, 3, 3, 0, 3, 6, 35, 17, 0),
('dosunay01', 1077261, 0.18181818181818182, 0, 3, 0, 4, 4, 34, 7, 0),
('hartjo01', 1078004, 0.375, 3, 0, 0, 15, 2, 41, 7, 1),
('brunsja01', 1078004, 0.4666666666666667, 1, 5, 1, 1, 4, 37, 45, 1),
('harteis01', 1078004, 0.6666666666666666, 0, 0, 0, 9, 2, 23, 9, 1),
('divindo01', 1078004, 0.3333333333333333, 2, 1, 0, 5, 3, 36, 12, 1),
('anunoog01', 1078004, 0.45454545454545453, 2, 2, 0, 9, 2, 35, 12, 1),
('aytonde01', 1078004, 0.5714285714285714, 0, 3, 1, 14, 0, 40, 31, 0),
('camarto01', 1078004, 0.5, 3, 2, 0, 3, 4, 34, 7, 0),
('bantoda01', 1078004, 0.3, 4, 5, 0, 2, 2, 41, 16, 0),
('hendesc01', 1078004, 0.3076923076923077, 1, 2, 0, 7, 6, 25, 12, 0),
('murrakr01', 1078004, 0.375, 0, 0, 1, 4, 1, 31, 10, 0),
('irvinky01', 1077394, 0.6666666666666666, 2, 4, 0, 4, 12, 38, 36, 0),
('exumda01', 1077394, 0.25, 0, 4, 0, 0, 2, 21, 7, 0),
('jonesde02', 1077394, 0.6666666666666666, 1, 1, 0, 1, 0, 31, 10, 0),
('washipj01', 1077394, 0.09090909090909091, 0, 2, 0, 5, 1, 35, 6, 0),
('gaffoda01', 1077394, 0.7272727272727273, 0, 2, 1, 15, 1, 25, 19, 0),
('dortlu01', 1077394, 0.4444444444444444, 1, 1, 0, 1, 3, 28, 12, 1),
('gilgesh01', 1077394, 0.5625, 2, 1, 0, 9, 5, 37, 31, 1),
('holmgch01', 1077394, 0.6666666666666666, 1, 0, 1, 8, 1, 32, 11, 1),
('willija06', 1077394, 0.5238095238095238, 1, 3, 3, 4, 5, 35, 27, 1),
('giddejo01', 1077394, 0.5714285714285714, 1, 3, 1, 3, 5, 22, 18, 1),
('youngth01', 1077039, 1.0, 0, 0, 0, 1, 1, 2, 2, 0),
('onealro01', 1077039, 0.0, 0, 1, 0, 5, 4, 27, 0, 0),
('wainris01', 1077039, 0.16666666666666666, 1, 1, 0, 5, 1, 10, 3, 0),
('eubandr01', 1077039, 0.0, 0, 0, 0, 3, 0, 4, 0, 0),
('bolbo01', 1077039, 0.8, 0, 0, 0, 4, 0, 15, 10, 0),
('littlna01', 1077039, 0.0, 0, 0, 0, 1, 0, 2, 0, 0),
('roddyda01', 1077039, 0.6666666666666666, 0, 1, 0, 1, 0, 2, 4, 0),
('kornelu01', 1077039, 0.5, 1, 0, 0, 1, 1, 11, 2, 1),
('pritcpa01', 1077039, 0.3333333333333333, 1, 3, 0, 3, 1, 19, 3, 1),
('brissos01', 1077039, 0, 0, 0, 0, 0, 0, 2, 0, 1),
('tillmxa01', 1077039, 0.5, 0, 0, 1, 4, 1, 17, 5, 1),
('hausesa01', 1077039, 0.42857142857142855, 1, 0, 0, 4, 2, 22, 8, 1),
('batumni01', 1077903, 0.4, 0, 0, 0, 2, 3, 20, 5, 0),
('hieldbu01', 1077903, 0.5, 0, 1, 1, 0, 2, 20, 9, 0),
('payneca01', 1077903, 0.8333333333333334, 0, 3, 0, 1, 2, 11, 13, 0),
('reedpa01', 1077903, 0.25, 2, 2, 2, 7, 2, 24, 3, 0),
('martike04', 1077903, 1.0, 2, 0, 0, 1, 1, 14, 4, 0),
('gallida01', 1077903, 0, 0, 0, 0, 1, 1, 4, 0, 1),
('connapa01', 1077903, 0.6, 0, 0, 0, 3, 4, 29, 9, 1),
('portibo01', 1077903, 0.6666666666666666, 1, 4, 0, 3, 1, 21, 8, 1),
('greenaj01', 1077903, 0.5, 1, 0, 0, 5, 0, 28, 14, 1),
('gillan01', 1077642, 0, 0, 0, 0, 0, 0, 3, 0, 0),
('poolejo01', 1077642, 0.5263157894736842, 2, 2, 0, 1, 2, 31, 25, 0),
('bernaju01', 1077642, 0.75, 0, 0, 0, 0, 0, 3, 7, 0),
('omorueu01', 1077642, 0.4, 0, 1, 0, 2, 0, 6, 4, 0),
('davisjo06', 1077642, 0.5, 0, 0, 1, 0, 0, 7, 2, 0),
('baldwpa01', 1077642, 0.0, 1, 1, 0, 7, 1, 11, 0, 0),
('butleja02', 1077642, 0.0, 0, 0, 0, 4, 4, 13, 0, 0),
('champju01', 1077642, 0.0, 0, 0, 1, 0, 0, 3, 0, 0),
('greenje02', 1077642, 0.14285714285714285, 0, 2, 0, 0, 1, 12, 2, 1),
('bullore01', 1077642, 1.0, 1, 0, 0, 4, 1, 14, 3, 1),
('tateja01', 1077642, 0.25, 1, 1, 1, 4, 1, 14, 2, 1),
('holidaa01', 1077642, 0.0, 0, 1, 0, 0, 0, 10, 0, 1),
('landajo01', 1077642, 0.8, 0, 2, 0, 5, 1, 26, 13, 1),
('willije02', 1077642, 0, 0, 0, 0, 1, 0, 2, 2, 1),
('plumlma01', 1077261, 0.0, 0, 0, 0, 0, 1, 2, 0, 1),
('powelno01', 1077261, 0.6, 1, 2, 0, 2, 2, 27, 18, 1),
('theisda01', 1077261, 0.5, 0, 0, 0, 2, 3, 14, 4, 1),
('coffeam01', 1077261, 0.375, 1, 0, 0, 3, 1, 21, 9, 1),
('moonxa01', 1077261, 0, 0, 0, 0, 0, 0, 2, 0, 1),
('butleji01', 1077519, 0.45454545454545453, 2, 1, 0, 4, 3, 31, 14, 1),
('roziete01', 1077519, 0.3333333333333333, 1, 0, 1, 5, 1, 33, 18, 1),
('adebaba01', 1077519, 0.7142857142857143, 2, 0, 3, 9, 2, 28, 22, 1),
('robindu01', 1077519, 0.42857142857142855, 3, 2, 1, 2, 5, 32, 16, 1),
('jovicni01', 1077519, 0.5, 1, 1, 0, 5, 0, 15, 7, 1),
('fontesi01', 1077519, 0.5625, 1, 2, 0, 6, 0, 34, 24, 0),
('stewais01', 1077519, 0.6666666666666666, 0, 1, 1, 6, 2, 37, 10, 0),
('cunnica01', 1077519, 0.3333333333333333, 0, 3, 0, 6, 9, 31, 11, 0),
('durenja01', 1077519, 0.7777777777777778, 0, 3, 1, 17, 1, 33, 15, 0),
('iveyja01', 1077519, 0.21428571428571427, 1, 4, 0, 3, 9, 37, 14, 0),
('duranke01', 1077190, 0.3333333333333333, 1, 3, 0, 8, 5, 37, 13, 1),
('bealbr01', 1077190, 0.6363636363636364, 0, 2, 0, 6, 7, 36, 15, 1),
('nurkiju01', 1077190, 0.5555555555555556, 0, 2, 1, 21, 2, 30, 13, 1),
('bookede01', 1077190, 0.3333333333333333, 1, 2, 1, 6, 11, 36, 21, 1),
('allengr01', 1077190, 0.5, 1, 0, 0, 0, 3, 33, 17, 1),
('micicva01', 1077190, 0.5833333333333334, 0, 1, 1, 1, 3, 30, 21, 0),
('bridgmi02', 1077190, 0.3333333333333333, 0, 2, 0, 10, 3, 38, 17, 0),
('richani01', 1077190, 0.2, 0, 0, 0, 15, 0, 27, 2, 0),
('millebr02', 1077190, 0.26666666666666666, 2, 0, 1, 4, 1, 28, 14, 0),
('bertada01', 1077190, 0.2, 1, 1, 0, 2, 2, 25, 2, 0),
('harriga01', 1078053, 0.2857142857142857, 0, 0, 1, 1, 0, 25, 6, 1),
('cartewe01', 1078053, 0.6, 0, 1, 0, 8, 3, 27, 15, 1),
('wagnefr01', 1078053, 0.6666666666666666, 2, 4, 0, 7, 4, 30, 19, 1),
('suggsja01', 1078053, 0.6666666666666666, 3, 0, 0, 1, 3, 30, 16, 1),
('banchpa01', 1078053, 0.3333333333333333, 1, 6, 0, 9, 8, 35, 17, 1),
('olynyke01', 1078053, 0.4166666666666667, 1, 3, 0, 9, 3, 26, 10, 0),
('trentga02', 1078053, 0.5882352941176471, 1, 0, 0, 4, 0, 31, 31, 0),
('quickim01', 1078053, 0.3333333333333333, 2, 2, 0, 3, 10, 34, 10, 0),
('agbajoc01', 1078053, 0.4444444444444444, 0, 2, 0, 4, 0, 33, 8, 0),
('dickgr01', 1078053, 0.3333333333333333, 0, 1, 1, 2, 1, 22, 8, 0),
('leonaka01', 1077739, 0.5333333333333333, 0, 1, 2, 7, 2, 38, 23, 0),
('georgpa01', 1077739, 0.47619047619047616, 1, 2, 1, 5, 6, 41, 26, 0),
('zubaciv01', 1077739, 0.5714285714285714, 1, 1, 1, 11, 2, 32, 9, 0),
('mannte01', 1077739, 0.6, 1, 1, 0, 4, 0, 17, 9, 0),
('hylanbo01', 1077739, 0.2222222222222222, 2, 2, 1, 2, 4, 24, 5, 0),
('mccolcj01', 1077739, 0.38461538461538464, 1, 2, 0, 6, 4, 29, 11, 1),
('valanjo01', 1077739, 0.16666666666666666, 0, 0, 0, 6, 0, 18, 4, 1),
('ingrabr01', 1077739, 0.3333333333333333, 1, 0, 0, 5, 7, 34, 13, 1),
('willizi01', 1077739, 0.6666666666666666, 3, 3, 1, 7, 4, 35, 34, 1),
('joneshe01', 1077739, 0.5, 1, 3, 1, 4, 5, 33, 7, 1),
('caldwke01', 1077460, 0.4, 3, 2, 0, 0, 3, 26, 4, 1),
('gordoaa01', 1077460, 1.0, 0, 1, 0, 3, 7, 25, 7, 1),
('jokicni01', 1077460, 0.6842105263157895, 0, 3, 2, 7, 5, 30, 31, 1),
('murraja01', 1077460, 0.375, 4, 3, 0, 10, 8, 33, 15, 1),
('portemi01', 1077460, 0.5555555555555556, 1, 0, 0, 7, 1, 23, 13, 1),
('jonestr01', 1077460, 0.3333333333333333, 1, 3, 0, 6, 9, 32, 8, 0),
('vassede01', 1077460, 0.46153846153846156, 1, 1, 1, 2, 2, 38, 17, 0),
('champju02', 1077460, 0.42857142857142855, 0, 0, 0, 1, 1, 26, 10, 0),
('wembavi01', 1077460, 0.3333333333333333, 2, 4, 3, 9, 2, 33, 17, 0),
('sochaje01', 1077460, 0.5, 1, 3, 0, 6, 4, 28, 19, 0),
('matthwe02', 1076956, 0.8, 0, 0, 1, 2, 1, 16, 13, 0),
('capelca01', 1076956, 0.5, 0, 1, 2, 15, 4, 32, 10, 0),
('murrade01', 1076956, 0.37037037037037035, 2, 3, 0, 7, 9, 38, 33, 0),
('krejcvi01', 1076956, 0.2, 1, 0, 0, 0, 2, 28, 2, 0),
('johnsja05', 1076956, 0.34782608695652173, 0, 3, 0, 5, 5, 34, 26, 0),
('collijo01', 1076956, 0.7, 0, 2, 1, 11, 2, 29, 18, 1),
('sextoco01', 1076956, 0.5625, 2, 1, 0, 4, 6, 31, 21, 1),
('hendrita01', 1076956, 0.14285714285714285, 0, 0, 3, 10, 0, 19, 3, 1),
('georgke01', 1076956, 0.42105263157894735, 2, 2, 0, 4, 5, 34, 25, 1),
('sensabr01', 1076956, 0.5555555555555556, 0, 1, 0, 4, 2, 28, 14, 1),
('millspa02', 1077519, 0.0, 2, 2, 0, 0, 2, 15, 0, 1),
('bryanth01', 1077519, 0.625, 0, 0, 1, 5, 0, 17, 11, 1),
('martica02', 1077519, 0.5714285714285714, 2, 2, 0, 8, 6, 33, 18, 1),
('highsha01', 1077519, 0, 0, 0, 0, 1, 0, 5, 0, 1),
('jaqueja01', 1077519, 0.2, 1, 0, 0, 5, 4, 25, 2, 1),
('fournev01', 1077519, 0.5, 1, 0, 0, 1, 3, 15, 12, 0),
('wisemja01', 1077519, 0.5, 0, 0, 0, 7, 1, 13, 6, 0),
('umudest01', 1077519, 0.0, 1, 1, 0, 0, 0, 10, 0, 0),
('sassema01', 1077519, 0.16666666666666666, 1, 3, 0, 2, 2, 23, 3, 0),
('gordoer01', 1077190, 0.5555555555555556, 0, 0, 0, 1, 2, 25, 14, 1),
('onealro01', 1077190, 1.0, 0, 0, 0, 3, 1, 14, 5, 1),
('eubandr01', 1077190, 0.75, 0, 1, 0, 8, 0, 14, 6, 1),
('bolbo01', 1077190, 0.2, 0, 0, 1, 3, 0, 7, 3, 1),
('littlna01', 1077190, 0.0, 0, 0, 0, 0, 0, 1, 0, 1),
('roddyda01', 1077190, 0.0, 0, 0, 0, 1, 0, 1, 0, 1),
('willigr01', 1077190, 0.47058823529411764, 1, 0, 0, 6, 1, 32, 20, 0),
('manntr01', 1077190, 0.4, 1, 0, 0, 4, 7, 35, 12, 0),
('pokusal01', 1077190, 0.2222222222222222, 1, 0, 1, 5, 3, 16, 4, 0),
('smithni01', 1077190, 0.6666666666666666, 0, 0, 0, 1, 0, 1, 4, 0),
('inglejo01', 1078053, 0.5, 0, 1, 0, 1, 5, 15, 5, 1),
('wagnemo01', 1078053, 0.6, 1, 1, 0, 3, 0, 12, 7, 1),
('isaacjo01', 1078053, 0.5714285714285714, 0, 0, 2, 6, 0, 20, 10, 1),
('fultzma01', 1078053, 0.375, 0, 0, 1, 0, 2, 17, 6, 1),
('anthoco01', 1078053, 0.5714285714285714, 0, 1, 0, 3, 0, 22, 12, 1),
('houstca01', 1078053, 0.0, 0, 0, 0, 0, 0, 2, 0, 1),
('nworajo01', 1078053, 0.625, 2, 4, 1, 5, 0, 16, 14, 0),
('brownbr01', 1078053, 0.625, 1, 2, 0, 4, 5, 29, 12, 0),
('portejo01', 1078053, 0.0, 3, 1, 2, 4, 4, 26, 0, 0),
('ramseja01', 1078053, 0.6, 1, 0, 0, 5, 1, 18, 10, 0),
('tuckepj01', 1077739, 0.6666666666666666, 0, 1, 3, 2, 0, 24, 6, 0),
('plumlma01', 1077739, 1.0, 0, 1, 0, 2, 0, 6, 3, 0),
('powelno01', 1077739, 0.4444444444444444, 1, 1, 0, 0, 1, 26, 15, 0),
('theisda01', 1077739, 0.0, 0, 0, 0, 1, 0, 7, 0, 0),
('coffeam01', 1077739, 0.6, 0, 2, 0, 3, 3, 21, 8, 0),
('nancela02', 1077739, 0.6666666666666666, 0, 0, 0, 4, 3, 27, 12, 1),
('alvarjo01', 1077739, 0.6, 1, 0, 0, 0, 0, 14, 9, 1),
('marshna01', 1077739, 0.375, 1, 0, 0, 2, 1, 14, 8, 1),
('murphtr02', 1077739, 0.5, 0, 0, 0, 6, 4, 32, 14, 1),
('jacksre01', 1077460, 0.375, 0, 1, 0, 1, 3, 14, 7, 1),
('holidju01', 1077460, 0.5555555555555556, 2, 0, 0, 1, 2, 21, 13, 1),
('niangge01', 1077324, 0.5, 0, 2, 0, 5, 2, 28, 14, 0),
('mitchdo01', 1077324, 0.3076923076923077, 1, 2, 0, 3, 2, 25, 13, 0),
('garlada01', 1077324, 0.38461538461538464, 1, 0, 0, 5, 4, 33, 12, 0),
('allenja01', 1077324, 0.5714285714285714, 0, 3, 3, 7, 0, 26, 10, 0),
('okorois01', 1077324, 0.3333333333333333, 0, 1, 1, 2, 1, 33, 10, 0),
('vanvlfr01', 1077324, 0.3333333333333333, 1, 1, 1, 5, 16, 35, 13, 1),
('brookdi01', 1077324, 0.4166666666666667, 2, 1, 0, 3, 2, 25, 12, 1),
('greenja05', 1077324, 0.45, 1, 1, 2, 11, 4, 33, 26, 1),
('smithja05', 1077324, 0.6153846153846154, 1, 2, 3, 7, 2, 32, 20, 1),
('thompam01', 1077324, 0.7272727272727273, 1, 1, 0, 8, 0, 26, 18, 1),
('aytonde01', 1077973, 0.7692307692307693, 1, 2, 1, 8, 2, 37, 20, 0),
('simonan01', 1077973, 0.5, 0, 5, 0, 4, 8, 35, 25, 0),
('camarto01', 1077973, 0.4166666666666667, 0, 1, 3, 6, 1, 33, 11, 0),
('bantoda01', 1077973, 0.5, 0, 5, 1, 5, 6, 41, 28, 0),
('murrakr01', 1077973, 0.0, 0, 0, 1, 5, 4, 26, 0, 0),
('mccolcj01', 1077973, 0.6, 2, 2, 0, 2, 8, 36, 30, 1),
('valanjo01', 1077973, 0.6666666666666666, 0, 2, 0, 3, 5, 19, 4, 1),
('ingrabr01', 1077973, 0.47619047619047616, 1, 1, 4, 7, 2, 35, 22, 1),
('willizi01', 1077973, 0.6470588235294118, 1, 3, 1, 10, 3, 33, 26, 1),
('murphtr02', 1077973, 0.5384615384615384, 0, 0, 0, 6, 5, 34, 20, 1),
('micicva01', 1077191, 0.4166666666666667, 1, 5, 1, 2, 4, 33, 11, 0),
('bridgmi02', 1077191, 0.3333333333333333, 1, 3, 0, 9, 6, 39, 14, 0),
('richani01', 1077191, 0.8, 1, 1, 1, 11, 0, 29, 11, 0),
('manntr01', 1077191, 0.4375, 4, 2, 0, 8, 6, 36, 21, 0),
('millebr02', 1077191, 0.42857142857142855, 0, 3, 1, 2, 1, 15, 6, 0),
('lowryky01', 1077191, 0.2, 3, 1, 0, 6, 7, 28, 5, 1),
('batumni01', 1077191, 0.42857142857142855, 3, 2, 2, 8, 4, 36, 8, 1),
('oubreke01', 1077191, 0.5, 1, 4, 0, 3, 1, 33, 22, 1),
('bambamo01', 1077191, 0.5, 1, 3, 1, 8, 0, 28, 3, 1),
('maxeyty01', 1077191, 0.4, 0, 2, 0, 3, 4, 40, 30, 1),
('finnedo01', 1077114, 1.0, 1, 0, 0, 4, 0, 25, 12, 0),
('schrode01', 1077114, 0.3076923076923077, 1, 3, 0, 2, 5, 30, 13, 0),
('bridgmi01', 1077114, 0.125, 0, 1, 0, 7, 4, 29, 7, 0),
('claxtni01', 1077114, 0.6666666666666666, 1, 0, 2, 10, 1, 25, 9, 0),
('thomaca02', 1077114, 0.4375, 0, 5, 0, 8, 2, 31, 22, 0),
('turnemy01', 1077114, 0.5, 1, 0, 0, 7, 1, 24, 11, 1),
('siakapa01', 1077114, 0.5, 3, 2, 0, 11, 4, 27, 28, 1),
('nembhan01', 1077114, 0.6, 1, 1, 0, 2, 3, 32, 7, 1),
('nesmiaa01', 1077114, 0.625, 2, 0, 2, 4, 3, 25, 16, 1),
('halibty01', 1077114, 0.3333333333333333, 2, 2, 1, 7, 4, 30, 14, 1),
('dortlu01', 1077834, 0.5, 0, 2, 0, 5, 4, 30, 12, 1),
('gilgesh01', 1077834, 0.5, 0, 3, 1, 7, 3, 35, 20, 1),
('holmgch01', 1077834, 0.6153846153846154, 1, 1, 3, 11, 2, 31, 22, 1),
('willija06', 1077834, 0.5294117647058824, 1, 2, 2, 7, 6, 35, 23, 1),
('giddejo01', 1077834, 0.5, 0, 2, 0, 6, 2, 19, 13, 1),
('kennalu01', 1077834, 0.42857142857142855, 1, 2, 0, 3, 9, 30, 9, 0),
('jacksja02', 1077834, 0.6363636363636364, 2, 5, 1, 6, 7, 36, 19, 0),
('banede01', 1077834, 0.4117647058823529, 0, 3, 1, 3, 7, 31, 22, 0),
('aldamsa01', 1077834, 0.5, 1, 0, 1, 6, 4, 38, 16, 0),
('jacksgg01', 1077834, 0.35714285714285715, 0, 0, 1, 4, 4, 35, 19, 0),
('holmeri01', 1077262, 0.375, 1, 0, 0, 4, 1, 26, 7, 0),
('kuzmaky01', 1077262, 0.5, 1, 3, 0, 5, 4, 28, 11, 0),
('poolejo01', 1077262, 0.3333333333333333, 1, 4, 0, 0, 8, 22, 13, 0),
('kispeco01', 1077262, 0.5, 3, 0, 3, 3, 1, 28, 16, 0),
('coulibi01', 1077262, 0.5555555555555556, 1, 2, 0, 8, 2, 30, 15, 0),
('derozde01', 1077262, 0.42857142857142855, 2, 1, 2, 4, 6, 34, 13, 1),
('vucevni01', 1077262, 0.5789473684210527, 1, 3, 0, 13, 2, 30, 29, 1),
('craigto01', 1077262, 0.4, 0, 1, 0, 1, 2, 18, 4, 1),
('carusal01', 1077262, 0.5833333333333334, 2, 3, 1, 5, 5, 34, 16, 1),
('dosunay01', 1077262, 0.6363636363636364, 1, 1, 0, 3, 9, 40, 34, 1),
('curryst01', 1077579, 0.5, 2, 1, 0, 6, 5, 33, 31, 1),
('greendr01', 1077579, 0.5, 1, 2, 0, 12, 13, 34, 6, 1),
('wiggian01', 1077579, 0.4117647058823529, 0, 0, 1, 6, 1, 29, 16, 1),
('kuminjo01', 1077579, 0.5625, 0, 1, 0, 2, 4, 31, 23, 1),
('podzibr01', 1077579, 0.5, 0, 1, 0, 5, 3, 34, 5, 1),
('jamesle01', 1077579, 0.6521739130434783, 1, 4, 1, 8, 9, 37, 40, 0),
('davisan02', 1077579, 0.5, 1, 0, 1, 4, 2, 11, 8, 0),
('russeda01', 1077579, 0.42857142857142855, 1, 0, 0, 3, 13, 40, 23, 0),
('hachiru01', 1077579, 0.7, 0, 0, 1, 4, 2, 29, 14, 0),
('reaveau01', 1077579, 0.3076923076923077, 0, 3, 0, 3, 3, 34, 11, 0),
('conlemi01', 1077943, 0.6666666666666666, 0, 0, 0, 2, 2, 30, 25, 1),
('anderky01', 1077943, 0.16666666666666666, 2, 0, 1, 5, 9, 31, 4, 1),
('reidna01', 1077943, 0.3888888888888889, 2, 0, 2, 12, 5, 34, 22, 1),
('edwaran01', 1077943, 0.6, 3, 4, 3, 10, 5, 35, 31, 1),
('mcdanja02', 1077943, 0.4444444444444444, 0, 1, 0, 1, 0, 21, 8, 1),
('dunnkr01', 1077943, 0.2857142857142857, 2, 0, 0, 3, 3, 24, 4, 0),
('kesslwa01', 1077943, 0.75, 0, 0, 1, 10, 0, 30, 7, 0),
('hendrita01', 1077943, 0.4166666666666667, 1, 1, 1, 10, 1, 33, 15, 0),
('georgke01', 1077943, 0.3125, 0, 4, 0, 3, 2, 29, 18, 0),
('sensabr01', 1077943, 0.3333333333333333, 0, 3, 0, 7, 2, 26, 8, 0),
('hartjo01', 1078005, 0.2857142857142857, 1, 0, 0, 13, 3, 38, 9, 1),
('brunsja01', 1078005, 0.6071428571428571, 4, 6, 1, 4, 2, 36, 42, 1),
('harteis01', 1078005, 1.0, 1, 1, 4, 14, 3, 27, 7, 1),
('divindo01', 1078005, 0.3125, 1, 0, 0, 2, 2, 29, 15, 1),
('anunoog01', 1078005, 0.125, 1, 3, 3, 5, 2, 33, 2, 1),
('barneha02', 1078005, 0.38461538461538464, 1, 2, 0, 6, 3, 36, 16, 0),
('sabondo01', 1078005, 0.5625, 1, 5, 0, 14, 2, 40, 21, 0),
('foxde01', 1078005, 0.2631578947368421, 2, 3, 0, 7, 9, 36, 20, 0),
('huertke01', 1078005, 0.0, 1, 0, 0, 1, 2, 15, 0, 0),
('murrake02', 1078005, 0.25, 0, 0, 1, 6, 1, 33, 11, 0),
('thomptr01', 1077324, 0.6666666666666666, 1, 2, 0, 5, 1, 15, 5, 0),
('leverca01', 1077324, 0.5714285714285714, 3, 1, 1, 3, 7, 31, 21, 0),
('jonesda03', 1077324, 0.25, 0, 1, 1, 6, 1, 11, 3, 0),
('merrisa01', 1077324, 0.6, 0, 1, 1, 8, 2, 28, 11, 0),
('portecr01', 1077324, 0.6666666666666666, 0, 2, 0, 1, 2, 5, 4, 0),
('greenje02', 1077324, 0.5, 1, 1, 0, 4, 1, 25, 9, 1),
('marjabo01', 1077324, 0.0, 0, 0, 0, 0, 0, 2, 0, 1),
('bullore01', 1077324, 0.5, 0, 2, 0, 5, 0, 15, 3, 1),
('tateja01', 1077324, 0.5, 1, 0, 0, 1, 0, 12, 8, 1),
('holidaa01', 1077324, 0.25, 1, 0, 0, 1, 3, 11, 2, 1),
('duranke01', 1077904, 0.4, 3, 1, 2, 9, 4, 41, 11, 0),
('bealbr01', 1077904, 0.7333333333333333, 1, 3, 1, 4, 7, 37, 28, 0),
('nurkiju01', 1077904, 0.6, 0, 2, 0, 6, 6, 20, 8, 0),
('bookede01', 1077904, 0.5, 1, 2, 1, 9, 6, 40, 23, 0),
('allengr01', 1077904, 0.5714285714285714, 1, 2, 0, 3, 8, 39, 25, 0),
('lopezbr01', 1077904, 0.5, 1, 1, 1, 7, 3, 18, 10, 1),
('middlkh01', 1077904, 0.5333333333333333, 1, 2, 0, 3, 7, 25, 22, 1),
('lillada01', 1077904, 0.5263157894736842, 1, 4, 0, 5, 16, 38, 31, 1),
('crowdja01', 1077904, 0.6363636363636364, 3, 0, 0, 2, 0, 31, 18, 1),
('beaslma01', 1077904, 0.5454545454545454, 0, 0, 0, 3, 3, 29, 17, 1),
('roziete01', 1077520, 0.4, 1, 0, 0, 6, 9, 35, 17, 1),
('adebaba01', 1077520, 0.6923076923076923, 1, 3, 0, 17, 3, 37, 20, 1),
('robindu01', 1077520, 0.6666666666666666, 0, 3, 0, 4, 5, 35, 30, 1),
('highsha01', 1077520, 0.16666666666666666, 0, 0, 0, 2, 1, 25, 3, 1),
('jaqueja01', 1077520, 0.42857142857142855, 1, 1, 1, 3, 4, 34, 15, 1),
('fontesi01', 1077520, 0.4166666666666667, 0, 0, 2, 8, 2, 34, 13, 0),
('stewais01', 1077520, 0.5555555555555556, 0, 0, 1, 6, 1, 35, 12, 0),
('cunnica01', 1077520, 0.42105263157894735, 1, 3, 1, 4, 9, 32, 17, 0),
('durenja01', 1077520, 0.4, 0, 2, 1, 10, 1, 29, 11, 0),
('iveyja01', 1077520, 0.5714285714285714, 0, 2, 1, 1, 2, 24, 10, 0),
('caldwke01', 1077395, 0.5, 0, 0, 2, 3, 2, 31, 10, 0),
('gordoaa01', 1077395, 0.5714285714285714, 0, 0, 1, 8, 4, 33, 11, 0),
('jokicni01', 1077395, 0.375, 2, 3, 0, 11, 7, 38, 16, 0),
('murraja01', 1077395, 0.35, 1, 1, 1, 4, 7, 35, 23, 0),
('portemi01', 1077395, 0.46153846153846156, 2, 1, 2, 7, 3, 37, 20, 0),
('irvinky01', 1077395, 0.391304347826087, 3, 3, 1, 7, 9, 39, 24, 1),
('doncilu01', 1077395, 0.4444444444444444, 2, 3, 0, 9, 3, 40, 37, 1),
('jonesde02', 1077395, 0.36363636363636365, 0, 0, 0, 8, 1, 24, 9, 1),
('washipj01', 1077395, 0.2, 0, 0, 1, 11, 3, 30, 4, 1),
('gaffoda01', 1077395, 0.5714285714285714, 0, 0, 1, 6, 1, 24, 8, 1),
('horfoal01', 1077040, 0.7142857142857143, 0, 1, 0, 4, 2, 22, 14, 1),
('holidjr01', 1077040, 0.42857142857142855, 1, 3, 2, 1, 3, 22, 7, 1),
('tatumja01', 1077040, 0.47058823529411764, 3, 2, 1, 6, 6, 26, 30, 1),
('brissos01', 1077040, 0.2, 0, 1, 0, 4, 2, 28, 7, 1),
('hausesa01', 1077040, 0.7692307692307693, 1, 0, 0, 6, 1, 22, 30, 1),
('holmeri01', 1077040, 0.6666666666666666, 0, 1, 1, 4, 1, 19, 8, 0),
('poolejo01', 1077040, 0.631578947368421, 0, 1, 0, 2, 4, 23, 31, 0),
('kispeco01', 1077040, 0.2, 0, 1, 0, 2, 1, 21, 4, 0),
('baldwpa01', 1077040, 0.18181818181818182, 1, 2, 2, 7, 4, 31, 6, 0),
('champju01', 1077040, 0.45454545454545453, 2, 3, 0, 8, 1, 36, 14, 0),
('olynyke01', 1078054, 0.625, 1, 3, 0, 4, 3, 25, 11, 0),
('trentga02', 1078054, 0.5, 3, 0, 1, 4, 3, 30, 15, 0),
('quickim01', 1078054, 0.26666666666666666, 0, 4, 0, 7, 5, 31, 12, 0),
('agbajoc01', 1078054, 0.4, 0, 2, 0, 7, 1, 31, 9, 0),
('dickgr01', 1078054, 0.36363636363636365, 0, 3, 0, 0, 1, 26, 10, 0),
('harriga01', 1078054, 0.3333333333333333, 1, 0, 0, 2, 1, 26, 7, 1),
('cartewe01', 1078054, 0.5, 1, 1, 0, 3, 3, 27, 9, 1),
('wagnefr01', 1078054, 0.6153846153846154, 0, 5, 1, 8, 4, 30, 22, 1),
('suggsja01', 1078054, 0.5, 2, 2, 1, 2, 2, 20, 10, 1),
('banchpa01', 1078054, 0.6875, 1, 1, 1, 6, 5, 35, 29, 1),
('finnedo01', 1077115, 0.4444444444444444, 4, 1, 1, 7, 1, 37, 8, 0),
('schrode01', 1077115, 0.42105263157894735, 1, 5, 1, 3, 7, 42, 19, 0),
('bridgmi01', 1077115, 0.3125, 1, 3, 0, 7, 5, 39, 14, 0),
('claxtni01', 1077115, 0.5555555555555556, 1, 1, 1, 14, 2, 32, 11, 0),
('thomaca02', 1077115, 0.5217391304347826, 2, 0, 0, 3, 5, 39, 31, 0),
('jonestr01', 1077115, 0.5714285714285714, 3, 1, 0, 4, 7, 35, 11, 1),
('vassede01', 1077115, 0.5238095238095238, 0, 2, 0, 2, 8, 44, 25, 1),
('champju02', 1077115, 0.0, 0, 1, 0, 1, 0, 15, 0, 1),
('wembavi01', 1077115, 0.5384615384615384, 0, 4, 7, 15, 7, 36, 33, 1),
('sochaje01', 1077115, 0.125, 1, 3, 3, 9, 4, 42, 4, 1),
('bogdabo01', 1076957, 0.2857142857142857, 0, 3, 0, 5, 4, 29, 11, 1),
('capelca01', 1076957, 0.6363636363636364, 1, 1, 2, 13, 3, 25, 15, 1),
('murrade01', 1076957, 0.5, 2, 4, 0, 2, 10, 34, 21, 1),
('krejcvi01', 1076957, 0.5, 0, 0, 1, 2, 3, 24, 5, 1),
('johnsja05', 1076957, 0.5, 3, 1, 2, 12, 6, 36, 18, 1),
('hardeja01', 1076957, 0.3, 1, 3, 1, 6, 9, 36, 9, 0),
('leonaka01', 1076957, 0.47058823529411764, 1, 3, 1, 2, 2, 36, 28, 0),
('georgpa01', 1076957, 0.45, 4, 1, 1, 6, 1, 34, 26, 0),
('zubaciv01', 1076957, 1.0, 0, 1, 1, 6, 1, 23, 6, 0),
('mannte01', 1076957, 0.3333333333333333, 2, 0, 1, 4, 0, 31, 7, 0),
('gordoer01', 1077904, 0.8, 1, 1, 1, 1, 2, 21, 10, 0),
('onealro01', 1077904, 0.5, 0, 0, 0, 5, 3, 26, 16, 0),
('wainris01', 1077904, 0, 0, 0, 0, 0, 0, 2, 0, 0),
('eubandr01', 1077904, 1.0, 0, 0, 0, 1, 0, 5, 4, 0),
('bolbo01', 1077904, 1.0, 0, 1, 0, 1, 0, 5, 2, 0),
('roddyda01', 1077904, 1.0, 0, 0, 0, 0, 0, 1, 2, 0),
('beverpa01', 1077904, 0.16666666666666666, 1, 1, 0, 2, 4, 29, 3, 1),
('connapa01', 1077904, 0.3333333333333333, 0, 1, 1, 2, 0, 22, 3, 1),
('portibo01', 1077904, 0.65, 3, 1, 0, 10, 2, 29, 31, 1),
('greenaj01', 1077904, 1.0, 1, 0, 0, 1, 0, 15, 5, 1),
('millspa02', 1077520, 0.0, 1, 0, 0, 1, 1, 9, 1, 1),
('bryanth01', 1077520, 0.0, 0, 0, 0, 4, 1, 10, 2, 1),
('wrighde01', 1077520, 0.42857142857142855, 2, 0, 0, 3, 0, 20, 6, 1),
('martica02', 1077520, 0.3333333333333333, 1, 2, 1, 7, 0, 30, 10, 1),
('fournev01', 1077520, 0.42857142857142855, 3, 2, 0, 4, 1, 31, 18, 0),
('wisemja01', 1077520, 0.0, 0, 2, 0, 6, 1, 16, 4, 0),
('umudest01', 1077520, 0.6, 0, 0, 1, 2, 1, 18, 9, 0),
('sassema01', 1077520, 0.6, 0, 1, 0, 3, 6, 17, 7, 0),
('jacksre01', 1077395, 0.375, 0, 1, 0, 0, 2, 12, 8, 0),
('holidju01', 1077395, 0.0, 0, 0, 0, 0, 0, 8, 0, 0),
('nnajize01', 1077395, 1.0, 0, 0, 0, 1, 0, 9, 4, 0),
('watsope01', 1077395, 0.25, 2, 0, 0, 2, 0, 14, 3, 0),
('braunch01', 1077395, 0.8, 0, 1, 0, 1, 1, 19, 10, 0),
('hardati02', 1077395, 0.0, 0, 1, 0, 3, 1, 14, 1, 1),
('klebima01', 1077395, 0.0, 0, 0, 0, 4, 3, 20, 0, 1),
('exumda01', 1077395, 0.5, 0, 0, 0, 3, 1, 17, 8, 1),
('hardyja02', 1077395, 0, 0, 1, 0, 0, 0, 3, 2, 1),
('livelde01', 1077395, 0.875, 0, 3, 2, 8, 0, 23, 14, 1),
('mykhasv01', 1077040, 0.42857142857142855, 0, 0, 0, 5, 2, 22, 9, 1),
('kornelu01', 1077040, 0.5555555555555556, 0, 1, 2, 6, 1, 20, 14, 1);







