-- Sledeče je minimalni primer podatkov, vmes uporabljen za testiranje. Se ne pojavi v dejanski aplikaciji.

INSERT INTO ekipa (ekipa_id, ime) VALUES
(1, 'Minnesota TImberwolves'),
(2, 'Denver Nuggets');

INSERT INTO tekma (id_tekma, domaca_ekipa, gostujoca_ekipa, datum, teden) VALUES
(100, 1, 2, '2023-11-01', 1),
(101, 1, 2, '2023-03-19', 2),
(102, 2, 1, '2023-03-29', 3),
(103, 2, 1, '2023-04-10', 4);

INSERT INTO trener (trener_id, ime, rojstvo) VALUES
('malone', 'Michael Malone', '1971-9-15'),
('finch', 'Chris Finch', '1969-11-6');

INSERT INTO igralec (igralec_id, ime, pozicija, visina, rojstvo) VALUES
('jacksre01', 'Reggie Jackson', 'PG', 188, 1990-04-16),
('braunch01', 'Christian Braun', 'SG', 198, 2001-04-17),
('portemi01', 'Michael Porter Jr.', 'SF', 208, 1998-06-29),
('watsope01', 'Peyton Watson', 'SF', 203, 2002-09-11),
('jokicni01', 'Nikola Jokić', 'C', 211, 1995-02-19),
('caldwke01', 'Kentavious Caldwell-Pope', 'SG', 196, 1993-02-18),
('gordoaa01', 'Aaron Gordon', 'PF', 203, 1995-09-16),
('murraja01', 'Jamal Murray', 'PG', 193, 1997-02-23),
('alexani01', 'Nickeil Alexander-Walker', 'SG', 196, 1998-09-02),
('reidna01', 'Naz Reid', 'C', 206, 1999-08-26),
('edwaran01', 'Anthony Edwards', 'SG', 193, 2001-08-05),
('anderky01', 'Kyle Anderson', 'PF', 206, 1993-09-20),
('goberru01', 'Rudy Gobert', 'C', 216, 1992-06-26),
('conlemi01', 'Mike Conley', 'PG', 183, 1987-10-11),
('mcdanja02', 'Jaden McDaniels', 'SF', 206, 2000-09-29),
('townska01', 'Karl-Anthony Towns', 'PF', 213, 1995-11-15);


INSERT INTO podatki_o_tekmi (id_igralca, id_tekme, id_ekipa, odstotek_meta, ukradene, bloki, izgubljene, skoki, podaje, odigrane_minute, tocke, izid) VALUES
('murraja01', 100, 2, .313, 1, 1, 3, 6, 6, INTERVAL '32 minutes 12 seconds', 14, 0),
('jokicni01', 100, 2, .478, 0, 0, 5, 10, 3, INTERVAL '29 minutes 58 seconds', 25, 0),
('caldwke01', 100, 2, .500, 1, 1, 1, 0, 0, INTERVAL '26 minutes 22 seconds', 6, 0),
('portemi01', 100, 2, .182, 1, 1, 0, 5, 1, INTERVAL '25 minutes 04 seconds', 5, 0),
('gordoaa01', 100, 2, .667, 0, 1, 2, 2, 2, INTERVAL '18 minutes 27 seconds', 4, 0),
('braunch01', 100, 2, .500, 0, 1, 1, 9, 2, INTERVAL '20 minutes 10 seconds', 8, 0),
('jacksre01', 100, 2, .250, 2, 1, 1, 0, 5, INTERVAL '18 minutes 36 seconds', 2, 0),
('nnajize01', 100, 2, .444, 0, 2, 0, 5, 0, INTERVAL '17 minutes 41 seconds', 9, 0),
('goberru01', 100, 1, .000, 1, 2, 1, 12, 1, INTERVAL '32 minutes 23 seconds', 4, 1),
('edwaran01', 100, 1, .500, 2, 0, 4, 2, 1, INTERVAL '31 minutes 50 seconds', 24, 1),
('townska01', 100, 1, .368, 2, 0, 1, 8, 4, INTERVAL '30 minutes 50 seconds', 21, 1),
('conlemi01', 100, 1, .778, 1, 0, 0, 3, 6, INTERVAL '27 minutes 17 seconds', 17, 1),
('mcdanja02', 100, 1, .600, 0, 2, 4, 9, 2, INTERVAL '21 minutes 20 seconds', 6, 1),
('anderky01', 100, 1, .667, 0, 0, 0, 3, 2, INTERVAL '25 minutes 17 seconds', 9, 1),
('alexani01', 100, 1, .333, 0, 1, 0, 0, 1, INTERVAL '20 minutes 43 seconds', 5, 1),
('reidna01', 100, 1, .667, 1, 0, 1, 5, 1, INTERVAL '19 minutes 19 seconds', 16, 1),
('jokicni01', 101, 2, .636, 0, 0, 3, 16, 2, INTERVAL '37 minutes 40 seconds', 35, 1),
('caldwke01', 101, 2, .500, 2, 1, 1, 2, 1, INTERVAL '37 minutes 40 seconds', 9, 1),
('gordoaa01', 101, 2, .500, 0, 0, 4, 11, 2, INTERVAL '32 minutes 22 seconds', 14, 1),
('murraja01', 101, 2, .429, 2, 0, 2, 4, 11, INTERVAL '32 minutes 14 seconds', 18, 1),
('portemi01', 101, 2, .600, 0, 0, 3, 4, 1, INTERVAL '31 minutes 34 seconds', 26, 1),
('holidju01', 101, 2, .667, 0, 0, 0, 2, 3, INTERVAL '17 minutes 43 seconds', 6, 1),
('braunch01', 101, 2, .250, 0, 0, 1, 4, 0, INTERVAL '17 minutes 38 seconds', 3, 1),
('jacksre01', 101, 2, .333, 1, 0, 2, 3, 6, INTERVAL '16 minutes 43 seconds', 2, 1),
('edwaran01', 101, 1, .500, 2, 0, 3, 8, 8, INTERVAL '37 minutes 40 seconds', 30, 0),
('mcdanja02', 101, 1, .692, 1, 2, 1, 6, 0, INTERVAL '37 minutes 38 seconds', 26, 0),
('alexani01', 101, 1, .286, 0, 1, 0, 2, 3, INTERVAL '36 minutes 30 seconds', 4, 0),
('conlemi01', 101, 1, .429, 1, 0, 2, 6, 5, INTERVAL '29 minutes 21 seconds', 13, 0),
('anderky01', 101, 1, .556, 1, 2, 0, 3, 4, INTERVAL '25 minutes 36 seconds', 12, 0),
('morrimo01', 101, 1, .500, 3, 0, 0, 1, 2, INTERVAL '22 minutes 48 seconds', 8, 0),
('garzalu01', 101, 1, .364, 2, 1, 0, 6, 0, INTERVAL '22 minutes 24 seconds', 11, 0),
('mclaujo01', 101, 1, .250, 0, 0, 1, 3, 3, INTERVAL '18 minutes 38 seconds', 2, 0),
('jokicni01', 102, 2, .458, 2, 1, 4, 10, 5, INTERVAL '36 minutes 58 seconds', 32, 0),
('jacksre01', 102, 2, .267, 2, 0, 3, 4, 10, INTERVAL '36 minutes 30 seconds', 12, 0),
('portemi01', 102, 2, .500, 1, 0, 0, 6, 4, INTERVAL '35 minutes 44 seconds', 14, 0),
('gordoaa01', 102, 2, .556, 0, 0, 4, 7, 4, INTERVAL '30 minutes 59 seconds', 14, 0),
('caldwke01', 102, 2, .000, 0, 0, 0, 3, 2, INTERVAL '27 minutes 31 seconds', 0, 0),
('braunch01', 102, 2, .200, 0, 0, 0, 5, 2, INTERVAL '26 minutes 22 seconds', 8, 0),
('holidju01', 102, 2, .400, 1, 0, 0, 1, 0, INTERVAL '15 minutes 52 seconds', 5, 0),
('watsope01', 102, 2, .000, 0, 0, 0, 3, 1, INTERVAL '11 minutes 13 seconds', 0, 0),
('edwaran01', 102, 1, .421, 3, 0, 2, 4, 5, INTERVAL '39 minutes 20 seconds', 25, 1),
('goberru01', 102, 1, .875, 0, 3, 0, 12, 2, INTERVAL '34 minutes 48 seconds', 21, 1),
('reidna01', 102, 1, .167, 2, 0, 1, 6, 2, INTERVAL '33 minutes 09 seconds', 7, 1),
('conlemi01', 102, 1, .667, 0, 0, 2, 3, 8, INTERVAL '31 minutes 55 seconds', 23, 1),
('mcdanja02', 102, 1, .700, 1, 0, 0, 3, 3, INTERVAL '30 minutes 57 seconds', 17, 1),
('anderky01', 102, 1, .333, 0, 2, 1, 3, 7, INTERVAL '26 minutes 31 seconds', 5, 1),
('alexani01', 102, 1, .333, 0, 1, 1, 1, 0, INTERVAL '16 minutes 42 seconds', 6, 1),
('mclaujo01', 102, 1, 1.000, 0, 0, 0, 4, 1, INTERVAL '12 minutes 58 seconds', 5, 1),
('jokicni01', 103, 2, .800, 3, 0, 2, 11, 7, INTERVAL '38 minutes 25 seconds', 41, 1),
('portemi01', 103, 2, .500, 0, 0, 1, 8, 2, INTERVAL '37 minutes 22 seconds', 18, 1),
('gordoaa01', 103, 2, .286, 1, 0, 2, 5, 9, INTERVAL '27 minutes 58 seconds', 5, 1),
('murraja01', 103, 2, .615, 0, 0, 4, 4, 6, INTERVAL '27 minutes 23 seconds', 20, 1),
('caldwke01', 103, 2, .444, 0, 1, 0, 3, 1, INTERVAL '26 minutes 18 seconds', 9, 1),
('braunch01', 103, 2, .571, 1, 1, 1, 5, 1, INTERVAL '27 minutes 16 seconds', 8, 1),
('watsope01', 103, 2, .500, 0, 6, 0, 4, 4, INTERVAL '23 minutes 01 seconds', 3, 1),
('jacksre01', 103, 2, .333, 0, 0, 3, 2, 1, INTERVAL '20 minutes 19 seconds', 9, 1),
('goberru01', 103, 1, .857, 2, 1, 2, 15, 3, INTERVAL '38 minutes 46 seconds', 13, 0),
('edwaran01', 103, 1, .500, 0, 0, 1, 2, 4, INTERVAL '34 minutes 52 seconds', 25, 0),
('mcdanja02', 103, 1, .500, 1, 0, 0, 2, 3, INTERVAL '33 minutes 30 seconds', 9, 0),
('reidna01', 103, 1, .316, 2, 1, 0, 6, 2, INTERVAL '30 minutes 21 seconds', 13, 0),
('conlemi01', 103, 1, .583, 1, 0, 3, 4, 2, INTERVAL '30 minutes 14 seconds', 19, 0),
('alexani01', 103, 1, .500, 1, 0, 2, 1, 2, INTERVAL '18 minutes 14 seconds', 5, 0),
('anderky01', 103, 1, .200, 0, 2, 0, 1, 2, INTERVAL '15 minutes 13 seconds', 4, 0),
('morrimo01', 103, 1, .500, 0, 1, 0, 1, 1, INTERVAL '14 minutes 46 seconds', 6, 0);

